party_name,filename
,advance_outside_district_and_overseas__constituency_vote_08_page_1.md
-,district_mueang_lamphun__02_subdistrict_ban_klang__polling_unit_4__party_list_vote_page_1.md
/,district_mueang_lamphun__02_subdistrict_ban_klang__polling_unit_4__party_list_vote_page_1.md
0,district_ban_thi__02_subdistrict_huai_yap__polling_unit_11__party_list_vote_page_2.md
1,district_ban_thi__02_subdistrict_huai_yap__polling_unit_11__party_list_vote_page_2.md
13,district_ban_thi__02_subdistrict_huai_yap__polling_unit_9__party_list_vote_page_3.md
160,district_ban_thi__02_subdistrict_huai_yap__polling_unit_9__party_list_vote_page_3.md
2,district_ban_thi__02_subdistrict_huai_yap__polling_unit_11__party_list_vote_page_2.md
255,district_mueang_lamphun__05_subdistrict_wiang_yong__polling_unit_2__party_list_vote_page_3.md
27,district_mueang_lamphun__04_subdistrict_rim_ping__polling_unit_9__party_list_vote_page_2.md
3,district_ban_thi__02_subdistrict_huai_yap__polling_unit_9__party_list_vote_page_3.md
4,district_mueang_lamphun__05_subdistrict_wiang_yong__polling_unit_2__party_list_vote_page_3.md
469,district_mueang_lamphun__05_subdistrict_wiang_yong__polling_unit_2__party_list_vote_page_3.md
5,district_mueang_lamphun__05_subdistrict_wiang_yong__polling_unit_2__party_list_vote_page_3.md
6,district_ban_thi__02_subdistrict_huai_yap__polling_unit_11__party_list_vote_page_2.md
60,district_mueang_lamphun__05_subdistrict_wiang_yong__polling_unit_2__party_list_vote_page_3.md
7.,district_mueang_lamphun__05_subdistrict_wiang_yong__polling_unit_10__party_list_vote_page_2.md
8,district_ban_thi__02_subdistrict_huai_yap__polling_unit_11__party_list_vote_page_2.md
กรุงเทพมหานคร,district_mueang_lamphun__04_subdistrict_rim_ping__polling_unit_9__party_list_vote_page_3.md
กลาธรรม,district_mae_tha__02_subdistrict_municipality_tha_sop_chai__polling_unit_6__constituency_vote_page_1.md
กลาโหม,district_mueang_lamphun__09_subdistrict_si_bua_ban__polling_unit_5__party_list_vote_page_3.md
กล้วยธรรม,district_mueang_lamphun__04_subdistrict_rim_ping__polling_unit_9__party_list_vote_page_3.md
กล้ำธรรม,district_mueang_lamphun__03_subdistrict_makhuea_chae__polling_unit_16__constituency_vote_page_1.md
ก้าวลิสรณ,district_mueang_lamphun__11_subdistrict_pa_sak__polling_unit_8__party_list_vote_page_2.md
ก้าวลิสรระ,district_mueang_lamphun__09_subdistrict_si_bua_ban__polling_unit_4__party_list_vote_page_2.md
ก้าวลิสรละ,district_mueang_lamphun__04_subdistrict_rim_ping__polling_unit_1__party_list_vote_page_2.md
ก้าวลิสระ,district_mueang_lamphun__04_subdistrict_rim_ping__polling_unit_10__party_list_vote_page_2.md
ก้าวลิ่วสระ,district_mueang_lamphun__01_subdistrict_ton_thong__polling_unit_15__party_list_vote_page_2.md
คลองไทยสภาชาติ,district_ban_thi__01_subdistrict_ban_thi__polling_unit_17__party_list_vote_page_2.md
คลองไทยสาขาติ,district_mae_tha__03_subdistrict_municipality_tha_sop_sao__polling_unit_6__party_list_vote_page_2.md
คล้าธรรม,district_mueang_lamphun__11_subdistrict_pa_sak__polling_unit_2__party_list_vote_page_3.md
คล้ายธรรม,district_mueang_lamphun__11_subdistrict_pa_sak__polling_unit_10__constituency_vote_page_1.md
ท้องที่ไทยใหม่,district_ban_thi__01_subdistrict_ban_thi__polling_unit_18__party_list_vote_page_2.md
ปรมาชน,district_mae_tha__06_subdistrict_tha_kat__polling_unit_8__constituency_vote_page_1.md
ประชาธิปัตย์ใหม่,district_mae_tha__12_subdistrict_tha_mae_lop__polling_unit_4__party_list_vote_page_1.md
ประชาธิปโดยใหม่,district_mae_tha__06_subdistrict_tha_kat__polling_unit_1__party_list_vote_page_1.md
ประชาอำสาขาติ,district_mueang_lamphun__10_subdistrict_pratu_pa__polling_unit_5__party_list_vote_page_3.md
ประธาน,district_mueang_lamphun__11_subdistrict_pa_sak__polling_unit_16__constituency_vote_page_1.md
พลวัด,district_mueang_lamphun__16_subdistrict_mueang_nga__polling_unit_19__party_list_vote_page_1.md
พลวัตไทย,district_mueang_lamphun__15_office_ban_paen__polling_unit_4__party_list_vote_page_1.md
พลังรวมใหม่,district_mueang_lamphun__11_subdistrict_pa_sak__polling_unit_10__party_list_vote_page_3.md
พิวจัน,district_mueang_lamphun__04_subdistrict_rim_ping__polling_unit_1__party_list_vote_page_2.md
พิวซัน,advance_outside_district_and_overseas__party_list_vote_02_page_2.md
พ้องพี่ไทย,district_mueang_lamphun__04_subdistrict_rim_ping__polling_unit_1__party_list_vote_page_2.md
ฟิวชันใหม่,district_ban_thi__01_subdistrict_ban_thi__polling_unit_17__party_list_vote_page_2.md
ฟิวซัน,district_mae_tha__02_subdistrict_municipality_tha_sop_chai__polling_unit_5__party_list_vote_page_2.md
รวมคะแนนทั้งสิ้น,advance_in_district__constituency_vote_09_page_1.md
วิชขันใหม่,district_mueang_lamphun__03_subdistrict_makhuea_chae__polling_unit_6__constituency_vote_page_1.md
วิชข์นใหม่,district_ban_thi__02_subdistrict_huai_yap__polling_unit_14__constituency_vote_page_1.md
วิชชชนใหม่,district_mueang_lamphun__01_subdistrict_ton_thong__polling_unit_16__constituency_vote_page_1.md
วิชชันใหม่,district_ban_thi__01_subdistrict_ban_thi__polling_unit_10__party_list_vote_page_2.md
วิชชินใหม่,district_mueang_lamphun__04_subdistrict_rim_ping__polling_unit_11__party_list_vote_page_2.md
วิชชิ่นใหม่,district_ban_thi__01_subdistrict_ban_thi__polling_unit_17__constituency_vote_page_1.md
วิชช์ขันใหม่,district_mae_tha__10_subdistrict_tha_khum_ngoen__polling_unit_4__constituency_vote_page_1.md
วิชช์ขึ้นใหม่,district_mueang_lamphun__09_subdistrict_si_bua_ban__polling_unit_8__constituency_vote_page_1.md
วิชช์ชนใหม่,district_ban_thi__01_subdistrict_ban_thi__polling_unit_11__constituency_vote_page_1.md
วิชช์ชั่นใหม่,district_mae_tha__02_subdistrict_municipality_tha_sop_chai__polling_unit_2__constituency_vote_page_1.md
วิชช์ชั้นใหม่,district_mae_tha__06_subdistrict_tha_kat__polling_unit_8__constituency_vote_page_1.md
วิชช์นนท์ใหม่,district_mae_tha__05_subdistrict_tha_thung_luang__polling_unit_6__constituency_vote_page_1.md
วิชช์นิ่มใหม่,district_ban_thi__02_subdistrict_huai_yap__polling_unit_10__constituency_vote_page_1.md
วิชช์นใหม่,district_ban_thi__01_subdistrict_ban_thi__polling_unit_13__party_list_vote_page_2.md
วิชช์ใหม่,advance_in_district__constituency_vote_09_page_1.md
วิชัยขึ้นใหม่,district_mueang_lamphun__11_subdistrict_pa_sak__polling_unit_8__constituency_vote_page_1.md
วิชัยชนใหม่,district_mueang_lamphun__13_municipality_mueang_lamphun__polling_unit_6__constituency_vote_page_1.md
วิชัยใหม่,district_mueang_lamphun__11_subdistrict_pa_sak__polling_unit_6__constituency_vote_page_1.md
วิชาชีพใหม่,district_mae_tha__06_subdistrict_tha_kat__polling_unit_12__constituency_vote_page_1.md
ห้องที่ไทย,district_mueang_lamphun__01_subdistrict_ton_thong__polling_unit_15__party_list_vote_page_2.md
เพื่อไทยชาติ,district_mueang_lamphun__15_office_ban_paen__polling_unit_4__party_list_vote_page_1.md
เสรีรวมไทย14,district_mueang_lamphun__01_subdistrict_ton_thong__polling_unit_12__constituency_vote_page_1.md
แผนกต่อธรรม,district_mueang_lamphun__09_subdistrict_si_bua_ban__polling_unit_10__party_list_vote_page_3.md
แม่นดินธรรม,district_mueang_lamphun__04_subdistrict_rim_ping__polling_unit_9__party_list_vote_page_3.md
ใหม่สปป.ลาว,district_mae_tha__03_subdistrict_municipality_tha_sop_sao__polling_unit_5__party_list_vote_page_1.md
ใหม่สุโขทัย,district_mae_tha__03_subdistrict_municipality_tha_sop_sao__polling_unit_8__party_list_vote_page_1.md
ไทยก้าวหน้านาแห่งประเทศไทย,district_mae_tha__03_subdistrict_municipality_tha_sop_sao__polling_unit_10__party_list_vote_page_2.md
ไทยก้าวหน้าบางแห่งประเทศไทย,district_mae_tha__03_subdistrict_municipality_tha_sop_sao__polling_unit_5__party_list_vote_page_2.md
ไทยชนะรวม,district_ban_thi__01_subdistrict_ban_thi__polling_unit_17__party_list_vote_page_2.md
ไทยทรัพยากร,district_mae_tha__12_subdistrict_tha_mae_lop__polling_unit_4__party_list_vote_page_1.md
๐,district_ban_thi__02_subdistrict_huai_yap__polling_unit_9__party_list_vote_page_3.md
๑,district_mae_tha__06_subdistrict_tha_kat__polling_unit_7__party_list_vote_page_3.md
๒,district_mae_tha__11_5_11_tha_khum_ngoen__polling_unit_6__party_list_vote_page_3.md
๕๓,district_mae_tha__11_5_11_tha_khum_ngoen__polling_unit_6__party_list_vote_page_3.md
