bad_token,filename
Aยสบส,district_mueang_lamphun__13_municipality_mueang_lamphun__polling_unit_14__party_list_vote_page_2.md
Aสบส,district_mueang_lamphun__13_municipality_mueang_lamphun__polling_unit_14__party_list_vote_page_2.md
Aสรยหาสบเอด,district_mueang_lamphun__05_subdistrict_wiang_yong__polling_unit_8__party_list_vote_page_3.md
Aหารอย,district_mueang_lamphun__13_municipality_mueang_lamphun__polling_unit_14__party_list_vote_page_3.md
bหนงรอยสสบ,district_mae_tha__03_subdistrict_municipality_tha_sop_sao__polling_unit_6__party_list_vote_page_3.md
กก,district_mueang_lamphun__10_subdistrict_pratu_pa__polling_unit_1__party_list_vote_page_1.md
กน,district_mueang_lamphun__07_subdistrict_mueang_chi__polling_unit_13__party_list_vote_page_2.md
กนหา,district_ban_thi__02_subdistrict_huai_yap__polling_unit_3__party_list_vote_page_2.md
กฝ,district_mueang_lamphun__13_municipality_mueang_lamphun__polling_unit_9__party_list_vote_page_3.md
กฟ,district_mueang_lamphun__10_subdistrict_pratu_pa__polling_unit_1__party_list_vote_page_1.md
กม,district_mueang_lamphun__01_subdistrict_ton_thong__polling_unit_9__party_list_vote_page_2.md
กลองเกา,district_mueang_lamphun__16_subdistrict_mueang_nga__polling_unit_18__party_list_vote_page_3.md
กลาง,district_mueang_lamphun__11_subdistrict_pa_sak__polling_unit_12__party_list_vote_page_2.md
กลางฝง,district_mueang_lamphun__03_subdistrict_makhuea_chae__polling_unit_7__party_list_vote_page_3.md
กอง,district_mae_tha__06_subdistrict_tha_kat__polling_unit_10__party_list_vote_page_2.md
กองชวยเหลอราษฎร,district_mae_tha__05_subdistrict_tha_thung_luang__polling_unit_5__party_list_vote_page_3.md
กอย,district_ban_thi__01_subdistrict_ban_thi__polling_unit_16__party_list_vote_page_2.md
กา,district_mueang_lamphun__08_subdistrict_nong_chang_khuen__polling_unit_1__party_list_vote_page_2.md
กาม,district_mae_tha__02_subdistrict_municipality_tha_sop_chai__polling_unit_8__party_list_vote_page_2.md
กาว,district_mueang_lamphun__12_subdistrict_umong__polling_unit_8__party_list_vote_page_3.md
กาวอสระ,district_ban_thi__01_subdistrict_ban_thi__polling_unit_11__party_list_vote_page_2.md
ขน,district_mueang_lamphun__08_subdistrict_nong_chang_khuen__polling_unit_2__party_list_vote_page_2.md
ขนง,district_mae_tha__02_subdistrict_municipality_tha_sop_chai__polling_unit_8__party_list_vote_page_2.md
ขนน,district_mae_tha__02_subdistrict_municipality_tha_sop_chai__polling_unit_8__party_list_vote_page_2.md
ขบเคลอน,advance_outside_district_and_overseas__party_list_vote_03_page_2.md
ขาวหลง,district_mueang_lamphun__03_subdistrict_makhuea_chae__polling_unit_3__party_list_vote_page_3.md
ค,district_mueang_lamphun__16_subdistrict_mueang_nga__polling_unit_7__party_list_vote_page_1.md
คค,district_mueang_lamphun__01_subdistrict_ton_thong__polling_unit_16__party_list_vote_page_3.md
คณ,district_mueang_lamphun__09_subdistrict_si_bua_ban__polling_unit_4__party_list_vote_page_3.md
คณส,district_ban_thi__01_subdistrict_ban_thi__polling_unit_15__party_list_vote_page_2.md
คท,district_ban_thi__01_subdistrict_ban_thi__polling_unit_15__party_list_vote_page_2.md
คน,district_mae_tha__06_subdistrict_tha_kat__polling_unit_10__party_list_vote_page_2.md
คนง,district_mueang_lamphun__02_subdistrict_ban_klang__polling_unit_11__party_list_vote_page_2.md
คนช,district_mae_tha__10_subdistrict_tha_khum_ngoen__polling_unit_1__party_list_vote_page_2.md
คนชย,district_mueang_lamphun__04_subdistrict_rim_ping__polling_unit_7__party_list_vote_page_2.md
คนด,district_mueang_lamphun__04_subdistrict_rim_ping__polling_unit_7__party_list_vote_page_2.md
คนถนน,district_mae_tha__10_subdistrict_tha_khum_ngoen__polling_unit_12__party_list_vote_page_1.md
คนธ,district_ban_thi__01_subdistrict_ban_thi__polling_unit_4__party_list_vote_page_3.md
คนน,district_mueang_lamphun__11_subdistrict_pa_sak__polling_unit_7__party_list_vote_page_2.md
คนนง,district_mueang_lamphun__15_office_ban_paen__polling_unit_2__party_list_vote_page_3.md
คนป,district_mae_tha__10_subdistrict_tha_khum_ngoen__polling_unit_1__party_list_vote_page_2.md
คนปก,district_mueang_lamphun__09_subdistrict_si_bua_ban__polling_unit_3__party_list_vote_page_2.md
คนปธ,district_mueang_lamphun__12_subdistrict_umong__polling_unit_8__party_list_vote_page_3.md
คนปา,district_mueang_lamphun__04_subdistrict_rim_ping__polling_unit_7__party_list_vote_page_2.md
คนปาตาทน,district_mueang_lamphun__01_subdistrict_ton_thong__polling_unit_4__party_list_vote_page_3.md
คนผ,district_mae_tha__02_subdistrict_municipality_tha_sop_chai__polling_unit_8__party_list_vote_page_2.md
คนผดกำหนด,district_mueang_lamphun__03_subdistrict_makhuea_chae__polling_unit_15__party_list_vote_page_2.md
คนฝ,district_mueang_lamphun__13_municipality_mueang_lamphun__polling_unit_6__party_list_vote_page_2.md
คนม,district_mueang_lamphun__11_subdistrict_pa_sak__polling_unit_1__party_list_vote_page_2.md
คนย,district_ban_thi__01_subdistrict_ban_thi__polling_unit_5__party_list_vote_page_2.md
คนยง,district_mueang_lamphun__04_subdistrict_rim_ping__polling_unit_7__party_list_vote_page_2.md
คนร,district_mueang_lamphun__15_office_ban_paen__polling_unit_1__party_list_vote_page_2.md
คนรง,district_mueang_lamphun__02_subdistrict_ban_klang__polling_unit_11__party_list_vote_page_2.md
คนรวมกน,district_mueang_lamphun__07_subdistrict_mueang_chi__polling_unit_7__party_list_vote_page_3.md
คนรอยหาสบ,district_mueang_lamphun__06_subdistrict_nong_nam__polling_unit_5__party_list_vote_page_3.md
คนรอยเจดสบหา,district_mueang_lamphun__06_subdistrict_nong_nam__polling_unit_5__party_list_vote_page_3.md
คนราย,district_mueang_lamphun__05_subdistrict_wiang_yong__polling_unit_2__party_list_vote_page_1.md
คนว,district_mae_tha__10_subdistrict_tha_khum_ngoen__polling_unit_1__party_list_vote_page_2.md
คนวา,district_mueang_lamphun__16_subdistrict_mueang_nga__polling_unit_8__party_list_vote_page_2.md
คนสง,district_ban_thi__02_subdistrict_huai_yap__polling_unit_13__party_list_vote_page_2.md
คนแนน,district_mae_tha__10_subdistrict_tha_khum_ngoen__polling_unit_12__party_list_vote_page_2.md
คบขย,district_mae_tha__02_subdistrict_municipality_tha_sop_chai__polling_unit_8__party_list_vote_page_2.md
คปท,district_ban_thi__01_subdistrict_ban_thi__polling_unit_19__party_list_vote_page_3.md
คฝ,district_mueang_lamphun__13_municipality_mueang_lamphun__polling_unit_9__party_list_vote_page_3.md
คมอ,district_mae_tha__06_subdistrict_tha_kat__polling_unit_9__party_list_vote_page_1.md
ครงพนหาสบ,district_mueang_lamphun__01_subdistrict_ton_thong__polling_unit_9__party_list_vote_page_3.md
ครงรอบปสมยใหม,district_ban_thi__01_subdistrict_ban_thi__polling_unit_5__constituency_vote_page_1.md
ครไทยเพอประชาชน,district_ban_thi__01_subdistrict_ban_thi__polling_unit_11__party_list_vote_page_2.md
คลองไทย,district_ban_thi__01_subdistrict_ban_thi__polling_unit_11__party_list_vote_page_2.md
คอนขางนอย,district_mueang_lamphun__01_subdistrict_ton_thong__polling_unit_10__party_list_vote_page_3.md
คอนขางมาก,district_mueang_lamphun__01_subdistrict_ton_thong__polling_unit_10__party_list_vote_page_3.md
คอนขางสง,district_mueang_lamphun__03_subdistrict_makhuea_chae__polling_unit_17__party_list_vote_page_3.md
คอมมนสต,district_ban_thi__01_subdistrict_ban_thi__polling_unit_11__party_list_vote_page_2.md
คะแนน,advance_outside_district_and_overseas__constituency_vote_07_page_1.md
คะแนนสบ,district_mae_tha__12_subdistrict_tha_mae_lop__polling_unit_8__party_list_vote_page_1.md
คะแนนหนงคะแนน,district_mae_tha__10_subdistrict_tha_khum_ngoen__polling_unit_12__party_list_vote_page_1.md
คาเทน,district_mueang_lamphun__03_subdistrict_makhuea_chae__polling_unit_15__party_list_vote_page_3.md
จำนวนบตรเลอกตง,district_mueang_lamphun__11_subdistrict_pa_sak__polling_unit_7__constituency_vote_page_1.md
จำนวนบตรเลอกตงทเหลอจำนวนบตร,district_mueang_lamphun__11_subdistrict_pa_sak__polling_unit_7__constituency_vote_page_1.md
จำนวนบตรเลอกตงทใช,district_mueang_lamphun__11_subdistrict_pa_sak__polling_unit_7__constituency_vote_page_1.md
จำนวนบตรเลอกตงทไดรบจดสรรจำนวนบตรหารอยยสบบตร,district_mueang_lamphun__11_subdistrict_pa_sak__polling_unit_7__constituency_vote_page_1.md
จำนวนผมสทธเลอกตง,district_mueang_lamphun__11_subdistrict_pa_sak__polling_unit_7__constituency_vote_page_1.md
จำนวนผมสทธเลอกตงตามบญชรายชอผมสทธเลอกตงจำนวนคนหารอยยสบ,district_mueang_lamphun__11_subdistrict_pa_sak__polling_unit_7__constituency_vote_page_1.md
จำนวนผมสทธเลอกตงทมาแสดงตนเฉพาะวนเลอกตงจำนวนคนสรอย,district_mueang_lamphun__11_subdistrict_pa_sak__polling_unit_7__constituency_vote_page_1.md
ชมพ,district_mueang_lamphun__02_subdistrict_ban_klang__polling_unit_16__party_list_vote_page_3.md
ชมพรองฝรงสม,district_mueang_lamphun__02_subdistrict_ban_klang__polling_unit_16__party_list_vote_page_3.md
ชา,district_mueang_lamphun__16_subdistrict_mueang_nga__polling_unit_17__party_list_vote_page_2.md
ซ,district_mueang_lamphun__11_subdistrict_pa_sak__polling_unit_9__party_list_vote_page_1.md
ซงม,district_mueang_lamphun__11_subdistrict_pa_sak__polling_unit_5__party_list_vote_page_2.md
ซงเกน,district_mueang_lamphun__04_subdistrict_rim_ping__polling_unit_7__party_list_vote_page_3.md
ซลงเปา,district_mueang_lamphun__04_subdistrict_rim_ping__polling_unit_6__party_list_vote_page_3.md
ซลปแบด,district_mueang_lamphun__15_office_ban_paen__polling_unit_5__party_list_vote_page_3.md
ซลเวค,district_ban_thi__02_subdistrict_huai_yap__polling_unit_14__party_list_vote_page_3.md
ซสนนำ,district_mae_tha__06_subdistrict_tha_kat__polling_unit_5__party_list_vote_page_2.md
ซสนหา,district_mae_tha__02_subdistrict_municipality_tha_sop_chai__polling_unit_2__party_list_vote_page_3.md
ซสนเจก,district_mae_tha__02_subdistrict_municipality_tha_sop_chai__polling_unit_2__party_list_vote_page_3.md
ซสบ,district_mueang_lamphun__01_subdistrict_ton_thong__polling_unit_3__party_list_vote_page_2.md
ซสบหา,district_mueang_lamphun__01_subdistrict_ton_thong__polling_unit_6__constituency_vote_page_1.md
ซสบเกา,district_mueang_lamphun__04_subdistrict_rim_ping__polling_unit_7__constituency_vote_page_1.md
ซสบเอด,district_mueang_lamphun__12_subdistrict_umong__polling_unit_16__constituency_vote_page_1.md
ซอย,district_mueang_lamphun__05_subdistrict_wiang_yong__polling_unit_4__constituency_vote_page_1.md
ด,district_mueang_lamphun__05_subdistrict_wiang_yong__polling_unit_2__party_list_vote_page_1.md
ดนช,district_mueang_lamphun__12_subdistrict_umong__polling_unit_15__party_list_vote_page_3.md
ดบ,district_ban_thi__01_subdistrict_ban_thi__polling_unit_10__constituency_vote_page_1.md
ดบเจด,district_ban_thi__01_subdistrict_ban_thi__polling_unit_10__constituency_vote_page_1.md
ดวย,district_mae_tha__04_subdistrict_tha_pla_duk__polling_unit_6__party_list_vote_page_1.md
ดานหา,district_mae_tha__09_11_phae_rim_nam__polling_unit_6__party_list_vote_page_2.md
ดำรง,district_mae_tha__06_subdistrict_tha_kat__polling_unit_11__party_list_vote_page_3.md
ตม,district_mueang_lamphun__09_subdistrict_si_bua_ban__polling_unit_10__constituency_vote_page_1.md
ตามทไดมพระราชกฤษฎกาใหมการเลอกตงสมาชกสภาผแทนราษฎรและคณะกรรมการการเลอกตงไดกำหนดใหวนทเดอนกมภาพนธพศเปนวนเลอกตงนน,district_mueang_lamphun__11_subdistrict_pa_sak__polling_unit_7__constituency_vote_page_1.md
ถาม,district_ban_thi__01_subdistrict_ban_thi__polling_unit_4__constituency_vote_page_1.md
ท,district_mueang_lamphun__02_subdistrict_ban_klang__polling_unit_7__party_list_vote_page_2.md
ทก,district_mueang_lamphun__12_subdistrict_umong__polling_unit_5__party_list_vote_page_2.md
ทท,district_ban_thi__01_subdistrict_ban_thi__polling_unit_15__party_list_vote_page_2.md
ทน,district_mae_tha__06_subdistrict_tha_kat__polling_unit_10__party_list_vote_page_3.md
ทบ,district_ban_thi__01_subdistrict_ban_thi__polling_unit_15__party_list_vote_page_3.md
ทรพย,district_mueang_lamphun__15_office_ban_paen__polling_unit_7__party_list_vote_page_3.md
ทว,district_ban_thi__01_subdistrict_ban_thi__polling_unit_15__party_list_vote_page_3.md
ทอง,district_mueang_lamphun__12_subdistrict_umong__polling_unit_2__constituency_vote_page_1.md
ทองถนแปลงเผา,district_mueang_lamphun__12_subdistrict_umong__polling_unit_2__constituency_vote_page_1.md
ทา,district_ban_thi__01_subdistrict_ban_thi__polling_unit_4__constituency_vote_page_1.md
ทำรอย,district_mueang_lamphun__15_office_ban_paen__polling_unit_2__party_list_vote_page_3.md
ทำสนเชด,district_mueang_lamphun__15_office_ban_paen__polling_unit_2__party_list_vote_page_3.md
ธมราม,district_mueang_lamphun__09_subdistrict_si_bua_ban__polling_unit_10__constituency_vote_page_1.md
น,district_ban_thi__01_subdistrict_ban_thi__polling_unit_7__party_list_vote_page_2.md
นก,district_mae_tha__02_subdistrict_municipality_tha_sop_chai__polling_unit_5__party_list_vote_page_2.md
นกลขต,district_mueang_lamphun__01_subdistrict_ton_thong__polling_unit_2__party_list_vote_page_3.md
นกลงทน,district_mueang_lamphun__12_subdistrict_umong__polling_unit_2__constituency_vote_page_1.md
นกสบ,district_mae_tha__04_subdistrict_tha_pla_duk__polling_unit_11__constituency_vote_page_1.md
นขยฯ,district_mueang_lamphun__05_subdistrict_wiang_yong__polling_unit_8__party_list_vote_page_2.md
นขลขา,district_mueang_lamphun__05_subdistrict_wiang_yong__polling_unit_8__party_list_vote_page_2.md
นขา,district_mueang_lamphun__05_subdistrict_wiang_yong__polling_unit_8__party_list_vote_page_2.md
นค,district_mueang_lamphun__02_subdistrict_ban_klang__polling_unit_7__party_list_vote_page_2.md
นทร,district_ban_thi__01_subdistrict_ban_thi__polling_unit_15__party_list_vote_page_2.md
นน,district_ban_thi__01_subdistrict_ban_thi__polling_unit_15__party_list_vote_page_3.md
นนง,district_mae_tha__04_subdistrict_tha_pla_duk__polling_unit_16__party_list_vote_page_2.md
นนส,district_ban_thi__01_subdistrict_ban_thi__polling_unit_15__party_list_vote_page_2.md
นป,district_ban_thi__02_subdistrict_huai_yap__polling_unit_9__party_list_vote_page_1.md
นปช,district_mueang_lamphun__03_subdistrict_makhuea_chae__polling_unit_7__party_list_vote_page_3.md
นปวะ,district_mueang_lamphun__05_subdistrict_wiang_yong__polling_unit_8__party_list_vote_page_3.md
นพ,district_mueang_lamphun__03_subdistrict_makhuea_chae__polling_unit_7__party_list_vote_page_3.md
นพว,district_ban_thi__01_subdistrict_ban_thi__polling_unit_15__party_list_vote_page_2.md
นย,district_mueang_lamphun__16_subdistrict_mueang_nga__polling_unit_19__party_list_vote_page_2.md
นร,district_mueang_lamphun__09_subdistrict_si_bua_ban__polling_unit_3__party_list_vote_page_3.md
นรรอยสสบ,district_mueang_lamphun__09_subdistrict_si_bua_ban__polling_unit_3__party_list_vote_page_3.md
นรสงห,district_mueang_lamphun__15_office_ban_paen__polling_unit_7__party_list_vote_page_3.md
นว,district_mueang_lamphun__11_subdistrict_pa_sak__polling_unit_14__party_list_vote_page_2.md
นส,district_ban_thi__01_subdistrict_ban_thi__polling_unit_12__party_list_vote_page_2.md
นสขฯ,district_mueang_lamphun__05_subdistrict_wiang_yong__polling_unit_8__party_list_vote_page_2.md
นสธ,district_ban_thi__02_subdistrict_huai_yap__polling_unit_3__party_list_vote_page_2.md
นอก,district_mueang_lamphun__08_subdistrict_nong_chang_khuen__polling_unit_2__party_list_vote_page_1.md
นายทวสทธ,district_mueang_lamphun__07_subdistrict_mueang_chi__polling_unit_10__constituency_vote_page_1.md
นายนาย,district_mueang_lamphun__15_office_ban_paen__polling_unit_7__party_list_vote_page_3.md
นำ,district_mae_tha__01_subdistrict_tha_sop_sao__polling_unit_1__party_list_vote_page_2.md
นำสบ,district_mueang_lamphun__01_subdistrict_ton_thong__polling_unit_1__party_list_vote_page_3.md
นำสมเดจ,district_mueang_lamphun__16_subdistrict_mueang_nga__polling_unit_4__party_list_vote_page_3.md
นำสายเดด,district_ban_thi__01_subdistrict_ban_thi__polling_unit_15__party_list_vote_page_3.md
นำโรงสลบเกา,advance_outside_district_and_overseas__party_list_vote_02_page_3.md
นเรศ,district_mueang_lamphun__15_office_ban_paen__polling_unit_7__party_list_vote_page_3.md
บ,district_mueang_lamphun__11_subdistrict_pa_sak__polling_unit_9__party_list_vote_page_1.md
บคคล,district_mueang_lamphun__15_office_ban_paen__polling_unit_7__party_list_vote_page_3.md
บดนคณะกรรมการประจำหนวยเลอกตงไดดำเนนการนบคะแนนสมาชกสภาผแทนราษฎรแบบแบงเขตเลอกตงของหนวยเลอกตงทหมทตำบลแขวงเทศบาลปาสกอำเภอเขตเมองลำพนเขตเลอกตงทจงหวดลำพนเสรจสนเปนทเรยบรอยแลวดงนนจงขอรายงานผลการนบคะแนนของหนวยเลอกตงดงกลาวดงน,district_mueang_lamphun__11_subdistrict_pa_sak__polling_unit_7__constituency_vote_page_1.md
บตร,district_ban_thi__02_subdistrict_huai_yap__polling_unit_10__party_list_vote_page_1.md
บตรดจำนวนบตรสรอย,district_mueang_lamphun__11_subdistrict_pa_sak__polling_unit_7__constituency_vote_page_1.md
บตรเสยจำนวนบตร,district_mueang_lamphun__11_subdistrict_pa_sak__polling_unit_7__constituency_vote_page_1.md
บาทถวน,district_mueang_lamphun__11_subdistrict_pa_sak__polling_unit_10__party_list_vote_page_3.md
ป,district_mae_tha__05_subdistrict_tha_thung_luang__polling_unit_7__party_list_vote_page_3.md
ปงบฯสรอยยสบเกานคมฯสรอยเจดสบส,district_mueang_lamphun__16_subdistrict_mueang_nga__polling_unit_6__party_list_vote_page_3.md
ปด,district_ban_thi__01_subdistrict_ban_thi__polling_unit_5__party_list_vote_page_2.md
ปท,district_ban_thi__01_subdistrict_ban_thi__polling_unit_15__party_list_vote_page_2.md
ปนส,district_ban_thi__01_subdistrict_ban_thi__polling_unit_15__party_list_vote_page_2.md
ปรสเกา,district_mueang_lamphun__09_subdistrict_si_bua_ban__polling_unit_5__party_list_vote_page_3.md
ประชากรไทย,district_ban_thi__01_subdistrict_ban_thi__polling_unit_11__party_list_vote_page_2.md
ประชาชาต,district_ban_thi__01_subdistrict_ban_thi__polling_unit_11__party_list_vote_page_2.md
ปวงชนไทย,district_ban_thi__01_subdistrict_ban_thi__polling_unit_11__party_list_vote_page_2.md
ปา,district_mueang_lamphun__02_subdistrict_ban_klang__polling_unit_16__party_list_vote_page_3.md
ปาดดาเทพ,district_mueang_lamphun__13_municipality_mueang_lamphun__polling_unit_13__party_list_vote_page_2.md
ปานกลาง,district_mae_tha__03_subdistrict_municipality_tha_sop_sao__polling_unit_1__party_list_vote_page_2.md
ปาสงวน,district_mae_tha__10_subdistrict_tha_khum_ngoen__polling_unit_4__party_list_vote_page_3.md
ผขอ,district_mae_tha__03_subdistrict_municipality_tha_sop_sao__polling_unit_8__party_list_vote_page_3.md
ผนข,district_mae_tha__02_subdistrict_municipality_tha_sop_chai__polling_unit_2__party_list_vote_page_3.md
ผนจ,district_mae_tha__02_subdistrict_municipality_tha_sop_chai__polling_unit_2__party_list_vote_page_3.md
ผนดจำแนน,district_ban_thi__02_subdistrict_huai_yap__polling_unit_2__party_list_vote_page_3.md
ผนธ,district_mae_tha__04_subdistrict_tha_pla_duk__polling_unit_10__party_list_vote_page_3.md
ผนบ,district_mae_tha__02_subdistrict_municipality_tha_sop_chai__polling_unit_2__party_list_vote_page_3.md
ผนป,district_mae_tha__02_subdistrict_municipality_tha_sop_chai__polling_unit_2__party_list_vote_page_3.md
ผนย,district_mae_tha__02_subdistrict_municipality_tha_sop_chai__polling_unit_2__party_list_vote_page_3.md
ผนำ,district_ban_thi__01_subdistrict_ban_thi__polling_unit_1__party_list_vote_page_3.md
ผพท,district_mae_tha__03_subdistrict_municipality_tha_sop_sao__polling_unit_8__party_list_vote_page_2.md
ผสบรน,district_mueang_lamphun__04_subdistrict_rim_ping__polling_unit_11__party_list_vote_page_2.md
ผอง,district_mae_tha__02_subdistrict_municipality_tha_sop_chai__polling_unit_4__party_list_vote_page_2.md
ฝง,district_ban_thi__01_subdistrict_ban_thi__polling_unit_14__party_list_vote_page_3.md
ฝน,district_mueang_lamphun__03_subdistrict_makhuea_chae__polling_unit_1__party_list_vote_page_2.md
ฝนผ,district_mueang_lamphun__07_subdistrict_mueang_chi__polling_unit_15__party_list_vote_page_2.md
ฝนย,district_mueang_lamphun__15_office_ban_paen__polling_unit_7__party_list_vote_page_2.md
ฝมอ,district_mueang_lamphun__04_subdistrict_rim_ping__polling_unit_5__party_list_vote_page_3.md
ฝรง,district_mueang_lamphun__02_subdistrict_ban_klang__polling_unit_16__party_list_vote_page_3.md
ฝสบเอด,district_mueang_lamphun__12_subdistrict_umong__polling_unit_6__party_list_vote_page_1.md
ฝาง,district_ban_thi__01_subdistrict_ban_thi__polling_unit_15__party_list_vote_page_3.md
ฝาย,district_mueang_lamphun__08_subdistrict_nong_chang_khuen__polling_unit_2__party_list_vote_page_1.md
ฝายใหญ,district_mueang_lamphun__08_subdistrict_nong_chang_khuen__polling_unit_2__party_list_vote_page_1.md
พ,district_mae_tha__05_subdistrict_tha_thung_luang__polling_unit_7__party_list_vote_page_3.md
พทธ,district_ban_thi__01_subdistrict_ban_thi__polling_unit_15__party_list_vote_page_3.md
พน,district_ban_thi__02_subdistrict_huai_yap__polling_unit_5__constituency_vote_page_1.md
พนบาทถวน,district_mueang_lamphun__11_subdistrict_pa_sak__polling_unit_10__party_list_vote_page_3.md
พนย,district_mueang_lamphun__11_subdistrict_pa_sak__polling_unit_6__party_list_vote_page_3.md
พนหนง,district_mueang_lamphun__01_subdistrict_ton_thong__polling_unit_9__party_list_vote_page_3.md
พนหา,district_mueang_lamphun__03_subdistrict_makhuea_chae__polling_unit_15__party_list_vote_page_1.md
พนหารอย,district_mueang_lamphun__11_subdistrict_pa_sak__polling_unit_4__constituency_vote_page_1.md
พนเการอยเกาสบเกา,district_mueang_lamphun__11_subdistrict_pa_sak__polling_unit_1__party_list_vote_page_3.md
พรม,district_mueang_lamphun__16_subdistrict_mueang_nga__polling_unit_1__party_list_vote_page_2.md
พรอมกน,district_mueang_lamphun__15_office_ban_paen__polling_unit_10__party_list_vote_page_2.md
พล,district_ban_thi__01_subdistrict_ban_thi__polling_unit_15__party_list_vote_page_2.md
พลง,district_ban_thi__01_subdistrict_ban_thi__polling_unit_11__party_list_vote_page_3.md
พลศร,district_mueang_lamphun__15_office_ban_paen__polling_unit_7__party_list_vote_page_3.md
พลสสขสส,district_mae_tha__06_subdistrict_tha_kat__polling_unit_9__party_list_vote_page_3.md
พว,district_mueang_lamphun__13_municipality_mueang_lamphun__polling_unit_9__party_list_vote_page_3.md
พษ,district_mae_tha__06_subdistrict_tha_kat__polling_unit_10__party_list_vote_page_2.md
พามนท,district_mueang_lamphun__09_subdistrict_si_bua_ban__polling_unit_3__party_list_vote_page_3.md
ฟ,district_mae_tha__04_subdistrict_tha_pla_duk__polling_unit_16__party_list_vote_page_1.md
ฟก,district_mae_tha__04_subdistrict_tha_pla_duk__polling_unit_16__party_list_vote_page_2.md
ฟง,district_mueang_lamphun__13_municipality_mueang_lamphun__polling_unit_9__party_list_vote_page_3.md
ฟท,district_ban_thi__01_subdistrict_ban_thi__polling_unit_15__party_list_vote_page_2.md
ฟนซง,district_mueang_lamphun__05_subdistrict_wiang_yong__polling_unit_2__party_list_vote_page_1.md
ฟฟ,district_mueang_lamphun__02_subdistrict_ban_klang__polling_unit_16__party_list_vote_page_2.md
ฟา,district_mae_tha__10_subdistrict_tha_khum_ngoen__polling_unit_4__party_list_vote_page_2.md
ฟาง,district_ban_thi__01_subdistrict_ban_thi__polling_unit_15__party_list_vote_page_3.md
ภท,district_ban_thi__01_subdistrict_ban_thi__polling_unit_15__party_list_vote_page_2.md
ภธร,district_ban_thi__02_subdistrict_huai_yap__polling_unit_3__party_list_vote_page_2.md
ภนง,district_mae_tha__06_subdistrict_tha_kat__polling_unit_2__party_list_vote_page_2.md
ภม,district_mueang_lamphun__08_subdistrict_nong_chang_khuen__polling_unit_3__party_list_vote_page_2.md
ภารวสาราษฎร,district_mueang_lamphun__13_municipality_mueang_lamphun__polling_unit_13__party_list_vote_page_2.md
ม,district_mueang_lamphun__11_subdistrict_pa_sak__polling_unit_9__party_list_vote_page_1.md
มข,district_ban_thi__01_subdistrict_ban_thi__polling_unit_15__party_list_vote_page_3.md
มนย,district_mae_tha__04_subdistrict_tha_pla_duk__polling_unit_3__party_list_vote_page_3.md
มสบ,district_mae_tha__07_subdistrict_municipality_tha_kat__polling_unit_4__party_list_vote_page_2.md
มสบหา,district_mueang_lamphun__16_subdistrict_mueang_nga__polling_unit_12__constituency_vote_page_1.md
มสม,district_mueang_lamphun__11_subdistrict_pa_sak__polling_unit_1__party_list_vote_page_2.md
มสมทก,district_mueang_lamphun__06_subdistrict_nong_nam__polling_unit_5__party_list_vote_page_3.md
มหาชน,district_mueang_lamphun__12_subdistrict_umong__polling_unit_2__constituency_vote_page_1.md
มาก,district_mae_tha__04_subdistrict_tha_pla_duk__polling_unit_1__party_list_vote_page_2.md
มากกวากงสบ,district_mueang_lamphun__03_subdistrict_makhuea_chae__polling_unit_17__party_list_vote_page_3.md
มากกวากงหนง,district_mueang_lamphun__03_subdistrict_makhuea_chae__polling_unit_17__party_list_vote_page_3.md
มากยงสบ,district_mae_tha__05_subdistrict_tha_thung_luang__polling_unit_7__party_list_vote_page_3.md
ยกคะแนน,district_mueang_lamphun__15_office_ban_paen__polling_unit_6__party_list_vote_page_2.md
ยงเลกแทน,district_mueang_lamphun__15_office_ban_paen__polling_unit_10__party_list_vote_page_2.md
ยงใหญ,district_ban_thi__01_subdistrict_ban_thi__polling_unit_11__party_list_vote_page_3.md
ยศ,district_mueang_lamphun__01_subdistrict_ton_thong__polling_unit_1__party_list_vote_page_2.md
ยสบ,advance_outside_district_and_overseas__constituency_vote_03_page_1.md
ยสบส,district_mae_tha__03_subdistrict_municipality_tha_sop_sao__polling_unit_4__constituency_vote_page_1.md
ยสบสคะแนน,district_mueang_lamphun__01_subdistrict_ton_thong__polling_unit_14__party_list_vote_page_2.md
ยสบสสบส,district_mueang_lamphun__01_subdistrict_ton_thong__polling_unit_12__constituency_vote_page_1.md
ยสบหา,district_ban_thi__02_subdistrict_huai_yap__polling_unit_12__constituency_vote_page_1.md
ยสบเกา,district_ban_thi__01_subdistrict_ban_thi__polling_unit_6__constituency_vote_page_1.md
ยสบเกาคะแนน,district_mueang_lamphun__02_subdistrict_ban_klang__polling_unit_3__constituency_vote_page_1.md
ยสบเจด,district_mae_tha__02_subdistrict_municipality_tha_sop_chai__polling_unit_11__constituency_vote_page_1.md
ยสบเจดคะแนน,district_mueang_lamphun__01_subdistrict_ton_thong__polling_unit_14__constituency_vote_page_1.md
ยสบเอด,advance_outside_district_and_overseas__constituency_vote_01_page_1.md
ยสบเอดคะแนน,district_mueang_lamphun__03_subdistrict_makhuea_chae__polling_unit_15__constituency_vote_page_1.md
ยสบเอดสบแนน,district_mueang_lamphun__15_office_ban_paen__polling_unit_3__constituency_vote_page_1.md
ยสม,district_mueang_lamphun__07_subdistrict_mueang_chi__polling_unit_10__party_list_vote_page_2.md
ยสส,district_ban_thi__02_subdistrict_huai_yap__polling_unit_1__party_list_vote_page_3.md
ยำ,district_mueang_lamphun__08_subdistrict_nong_chang_khuen__polling_unit_1__party_list_vote_page_2.md
รบ,district_mueang_lamphun__07_subdistrict_mueang_chi__polling_unit_4__party_list_vote_page_1.md
รบสสบ,district_mueang_lamphun__09_subdistrict_si_bua_ban__polling_unit_7__constituency_vote_page_1.md
รบหนา,district_mueang_lamphun__08_subdistrict_nong_chang_khuen__polling_unit_1__party_list_vote_page_2.md
รบหา,district_mae_tha__03_subdistrict_municipality_tha_sop_sao__polling_unit_2__constituency_vote_page_1.md
รบเกา,district_mae_tha__12_subdistrict_tha_mae_lop__polling_unit_6__party_list_vote_page_1.md
รบเอด,district_mueang_lamphun__02_subdistrict_ban_klang__polling_unit_7__constituency_vote_page_1.md
รองยสบ,district_mueang_lamphun__02_subdistrict_ban_klang__polling_unit_1__constituency_vote_page_1.md
รองสสบ,district_ban_thi__02_subdistrict_huai_yap__polling_unit_16__party_list_vote_page_3.md
รองฯสบเกา,district_mueang_lamphun__05_subdistrict_wiang_yong__polling_unit_1__constituency_vote_page_1.md
รอนหาสบเกา,district_mueang_lamphun__03_subdistrict_makhuea_chae__polling_unit_2__constituency_vote_page_1.md
รอย,advance_outside_district_and_overseas__constituency_vote_02_page_1.md
รอยยสบ,advance_outside_district_and_overseas__constituency_vote_05_page_1.md
รอยยสบส,district_mae_tha__03_subdistrict_municipality_tha_sop_sao__polling_unit_2__constituency_vote_page_1.md
รอยยสบหา,district_mueang_lamphun__01_subdistrict_ton_thong__polling_unit_12__constituency_vote_page_1.md
รอยยสบหาคะแนน,district_mueang_lamphun__11_subdistrict_pa_sak__polling_unit_18__party_list_vote_page_3.md
รอยยสบเกา,district_mae_tha__02_subdistrict_municipality_tha_sop_chai__polling_unit_11__constituency_vote_page_1.md
รอยยสบเจด,district_mae_tha__05_subdistrict_tha_thung_luang__polling_unit_5__constituency_vote_page_1.md
รอยยสบเอด,district_mueang_lamphun__02_subdistrict_ban_klang__polling_unit_8__party_list_vote_page_3.md
รอยส,district_mae_tha__03_subdistrict_municipality_tha_sop_sao__polling_unit_5__party_list_vote_page_3.md
รอยสบ,district_ban_thi__01_subdistrict_ban_thi__polling_unit_14__constituency_vote_page_1.md
รอยสบส,district_mae_tha__10_subdistrict_tha_khum_ngoen__polling_unit_9__party_list_vote_page_3.md
รอยสบสคะแนน,district_mueang_lamphun__02_subdistrict_ban_klang__polling_unit_3__party_list_vote_page_3.md
รอยสบหา,district_mae_tha__10_subdistrict_tha_khum_ngoen__polling_unit_3__constituency_vote_page_1.md
รอยสบหาคะแนน,district_mueang_lamphun__02_subdistrict_ban_klang__polling_unit_3__constituency_vote_page_1.md
รอยสบเกา,district_ban_thi__01_subdistrict_ban_thi__polling_unit_14__party_list_vote_page_3.md
รอยสบเจด,district_mae_tha__06_subdistrict_tha_kat__polling_unit_11__constituency_vote_page_1.md
รอยสบเจดคะแนน,district_mueang_lamphun__06_subdistrict_nong_nam__polling_unit_7__party_list_vote_page_3.md
รอยสบเอด,district_mae_tha__04_subdistrict_tha_pla_duk__polling_unit_4__party_list_vote_page_3.md
รอยสสบ,district_ban_thi__01_subdistrict_ban_thi__polling_unit_2__party_list_vote_page_3.md
รอยสสบส,district_mae_tha__02_subdistrict_municipality_tha_sop_chai__polling_unit_9__party_list_vote_page_3.md
รอยสสบหา,district_mae_tha__03_subdistrict_municipality_tha_sop_sao__polling_unit_7__constituency_vote_page_1.md
รอยสสบเกา,district_mueang_lamphun__03_subdistrict_makhuea_chae__polling_unit_22__constituency_vote_page_1.md
รอยสสบเจด,district_ban_thi__01_subdistrict_ban_thi__polling_unit_2__constituency_vote_page_1.md
รอยสสบเจดคะแนน,district_mueang_lamphun__03_subdistrict_makhuea_chae__polling_unit_15__constituency_vote_page_1.md
รอยสสบเอด,district_ban_thi__01_subdistrict_ban_thi__polling_unit_16__party_list_vote_page_3.md
รอยสสบเอดปตร,district_ban_thi__02_subdistrict_huai_yap__polling_unit_10__party_list_vote_page_3.md
รอยหนงสบ,district_mueang_lamphun__11_subdistrict_pa_sak__polling_unit_11__party_list_vote_page_3.md
รอยหนงสบเอด,district_mueang_lamphun__13_municipality_mueang_lamphun__polling_unit_11__party_list_vote_page_3.md
รอยหนงสบแนน,district_mueang_lamphun__15_office_ban_paen__polling_unit_3__constituency_vote_page_1.md
รอยหา,district_mae_tha__04_subdistrict_tha_pla_duk__polling_unit_14__party_list_vote_page_3.md
รอยหาสบ,district_ban_thi__01_subdistrict_ban_thi__polling_unit_20__constituency_vote_page_1.md
รอยหาสบส,district_ban_thi__01_subdistrict_ban_thi__polling_unit_3__party_list_vote_page_3.md
รอยหาสบหา,district_ban_thi__01_subdistrict_ban_thi__polling_unit_18__party_list_vote_page_3.md
รอยหาสบเกา,district_ban_thi__01_subdistrict_ban_thi__polling_unit_4__constituency_vote_page_1.md
รอยหาสบเจด,district_mae_tha__04_subdistrict_tha_pla_duk__polling_unit_3__constituency_vote_page_1.md
รอยหาสบเจดคะแนน,district_ban_thi__02_subdistrict_huai_yap__polling_unit_15__constituency_vote_page_1.md
รอยหาสบเอด,district_mueang_lamphun__06_subdistrict_nong_nam__polling_unit_5__constituency_vote_page_1.md
รอยเกา,district_mae_tha__06_subdistrict_tha_kat__polling_unit_8__constituency_vote_page_1.md
รอยเกาสบ,advance_outside_district_and_overseas__constituency_vote_04_page_1.md
รอยเกาสบบาท,district_mueang_lamphun__09_subdistrict_si_bua_ban__polling_unit_10__constituency_vote_page_1.md
รอยเกาสบส,advance_outside_district_and_overseas__party_list_vote_09_page_3.md
รอยเกาสบสคะแนน,district_mueang_lamphun__12_subdistrict_umong__polling_unit_11__constituency_vote_page_1.md
รอยเกาสบหา,district_mae_tha__07_subdistrict_municipality_tha_kat__polling_unit_3__party_list_vote_page_3.md
รอยเกาสบเกา,district_mueang_lamphun__06_subdistrict_nong_nam__polling_unit_6__party_list_vote_page_1.md
รอยเกาสบเกาบาทถวน,district_mueang_lamphun__15_office_ban_paen__polling_unit_3__party_list_vote_page_3.md
รอยเกาสบเจด,district_mae_tha__05_subdistrict_tha_thung_luang__polling_unit_1__party_list_vote_page_3.md
รอยเกาสบเอด,advance_outside_district_and_overseas__constituency_vote_08_page_1.md
รอยเกาสบเอดสบหมนบาท,district_mueang_lamphun__01_subdistrict_ton_thong__polling_unit_4__party_list_vote_page_3.md
รอยเจด,district_mae_tha__04_subdistrict_tha_pla_duk__polling_unit_2__constituency_vote_page_1.md
รอยเจดสบ,district_ban_thi__01_subdistrict_ban_thi__polling_unit_19__party_list_vote_page_3.md
รอยเจดสบส,advance_outside_district_and_overseas__constituency_vote_05_page_1.md
รอยเจดสบสคะแนน,district_mueang_lamphun__01_subdistrict_ton_thong__polling_unit_4__constituency_vote_page_1.md
รอยเจดสบหา,district_ban_thi__01_subdistrict_ban_thi__polling_unit_7__party_list_vote_page_3.md
รอยเจดสบเกา,district_mae_tha__03_subdistrict_municipality_tha_sop_sao__polling_unit_8__constituency_vote_page_1.md
รอยเจดสบเจด,district_mae_tha__07_subdistrict_municipality_tha_kat__polling_unit_1__party_list_vote_page_3.md
รอยเจดสบเอด,district_ban_thi__01_subdistrict_ban_thi__polling_unit_17__constituency_vote_page_1.md
รอยเอด,district_mae_tha__06_subdistrict_tha_kat__polling_unit_6__party_list_vote_page_3.md
ราชวสาหฯ,district_mueang_lamphun__13_municipality_mueang_lamphun__polling_unit_13__party_list_vote_page_2.md
ล,district_mae_tha__05_subdistrict_tha_thung_luang__polling_unit_7__party_list_vote_page_3.md
ลง,district_ban_thi__01_subdistrict_ban_thi__polling_unit_14__party_list_vote_page_3.md
ลงแทง,district_mueang_lamphun__03_subdistrict_makhuea_chae__polling_unit_11__party_list_vote_page_3.md
ลบ,district_ban_thi__01_subdistrict_ban_thi__polling_unit_10__party_list_vote_page_3.md
ลบทา,district_mueang_lamphun__16_subdistrict_mueang_nga__polling_unit_11__party_list_vote_page_3.md
ลบบ,district_mae_tha__06_subdistrict_tha_kat__polling_unit_4__party_list_vote_page_1.md
ลบเออ,district_mueang_lamphun__12_subdistrict_umong__polling_unit_15__party_list_vote_page_3.md
ลย,district_mueang_lamphun__11_subdistrict_pa_sak__polling_unit_9__party_list_vote_page_2.md
ลอง,district_mueang_lamphun__02_subdistrict_ban_klang__polling_unit_1__party_list_vote_page_2.md
ละแนน,district_mueang_lamphun__11_subdistrict_pa_sak__polling_unit_7__party_list_vote_page_1.md
ลายเซน,district_mueang_lamphun__06_subdistrict_nong_nam__polling_unit_6__party_list_vote_page_3.md
ลายเซนเทา,district_mueang_lamphun__06_subdistrict_nong_nam__polling_unit_6__party_list_vote_page_3.md
วช,district_ban_thi__01_subdistrict_ban_thi__polling_unit_15__party_list_vote_page_2.md
วชช,district_mueang_lamphun__08_subdistrict_nong_chang_khuen__polling_unit_3__party_list_vote_page_2.md
วชชนใหม,district_ban_thi__01_subdistrict_ban_thi__polling_unit_11__party_list_vote_page_2.md
วอยเกาสบส,district_mueang_lamphun__16_subdistrict_mueang_nga__polling_unit_11__party_list_vote_page_3.md
ศ,district_mueang_lamphun__16_subdistrict_mueang_nga__polling_unit_10__party_list_vote_page_2.md
ศคร,district_mueang_lamphun__08_subdistrict_nong_chang_khuen__polling_unit_2__party_list_vote_page_2.md
ศน,district_mueang_lamphun__08_subdistrict_nong_chang_khuen__polling_unit_2__party_list_vote_page_2.md
ศนธ,district_mae_tha__06_subdistrict_tha_kat__polling_unit_9__party_list_vote_page_1.md
ศนย,advance_in_district__constituency_vote_09_page_1.md
ศนยกลาง,district_mueang_lamphun__01_subdistrict_ton_thong__polling_unit_4__party_list_vote_page_3.md
ศนยกลางแทน,district_mueang_lamphun__11_subdistrict_pa_sak__polling_unit_11__party_list_vote_page_2.md
ศนยกาเทน,district_mueang_lamphun__03_subdistrict_makhuea_chae__polling_unit_15__party_list_vote_page_3.md
ศนยคนน,district_mueang_lamphun__11_subdistrict_pa_sak__polling_unit_7__party_list_vote_page_2.md
ศนยคะแนน,advance_outside_district_and_overseas__party_list_vote_07_page_1.md
ศนยคะแนนหนงคะแนน,district_mueang_lamphun__15_office_ban_paen__polling_unit_9__party_list_vote_page_3.md
ศนยบตร,district_ban_thi__02_subdistrict_huai_yap__polling_unit_10__party_list_vote_page_2.md
ศนยหนง,district_ban_thi__01_subdistrict_ban_thi__polling_unit_2__party_list_vote_page_3.md
ศนยหารอย,district_mueang_lamphun__10_subdistrict_pratu_pa__polling_unit_4__party_list_vote_page_3.md
ศนร,district_mueang_lamphun__08_subdistrict_nong_chang_khuen__polling_unit_2__party_list_vote_page_2.md
ศนล,district_mueang_lamphun__08_subdistrict_nong_chang_khuen__polling_unit_2__party_list_vote_page_2.md
ศบ,district_mae_tha__06_subdistrict_tha_kat__polling_unit_2__constituency_vote_page_1.md
ศป,district_mueang_lamphun__08_subdistrict_nong_chang_khuen__polling_unit_2__party_list_vote_page_2.md
ศพ,district_mueang_lamphun__08_subdistrict_nong_chang_khuen__polling_unit_2__party_list_vote_page_2.md
ศพธ,district_ban_thi__01_subdistrict_ban_thi__polling_unit_16__party_list_vote_page_3.md
ศพย,district_mueang_lamphun__15_office_ban_paen__polling_unit_4__party_list_vote_page_3.md
ศภชย,district_mae_tha__07_subdistrict_municipality_tha_kat__polling_unit_1__party_list_vote_page_1.md
ศมย,district_mueang_lamphun__16_subdistrict_mueang_nga__polling_unit_11__party_list_vote_page_3.md
ศมยธ,district_mueang_lamphun__16_subdistrict_mueang_nga__polling_unit_11__party_list_vote_page_3.md
ศร,district_mueang_lamphun__05_subdistrict_wiang_yong__polling_unit_5__party_list_vote_page_2.md
ศรรอย,district_mae_tha__04_subdistrict_tha_pla_duk__polling_unit_2__constituency_vote_page_1.md
ศรสมทร,district_mueang_lamphun__04_subdistrict_rim_ping__polling_unit_7__party_list_vote_page_2.md
ศรสะเกษ,district_mueang_lamphun__12_subdistrict_umong__polling_unit_10__party_list_vote_page_2.md
ศรอยยสบ,district_mae_tha__04_subdistrict_tha_pla_duk__polling_unit_2__party_list_vote_page_3.md
ศรอยลามคม,district_mueang_lamphun__13_municipality_mueang_lamphun__polling_unit_1__party_list_vote_page_3.md
ศลกาล,district_mae_tha__10_subdistrict_tha_khum_ngoen__polling_unit_10__party_list_vote_page_3.md
ศลปะ,district_mueang_lamphun__09_subdistrict_si_bua_ban__polling_unit_9__constituency_vote_page_1.md
ศลย,district_mueang_lamphun__08_subdistrict_nong_chang_khuen__polling_unit_3__party_list_vote_page_2.md
ศวล,district_mueang_lamphun__08_subdistrict_nong_chang_khuen__polling_unit_2__party_list_vote_page_2.md
ศศ,district_mueang_lamphun__11_subdistrict_pa_sak__polling_unit_20__party_list_vote_page_2.md
ศษ,district_mueang_lamphun__08_subdistrict_nong_chang_khuen__polling_unit_2__party_list_vote_page_2.md
ศษย,district_mae_tha__10_subdistrict_tha_khum_ngoen__polling_unit_10__party_list_vote_page_3.md
ศานย,district_mae_tha__12_subdistrict_tha_mae_lop__polling_unit_6__party_list_vote_page_3.md
ส,advance_outside_district_and_overseas__constituency_vote_05_page_1.md
สO,district_mae_tha__04_subdistrict_tha_pla_duk__polling_unit_4__party_list_vote_page_2.md
สกลนคร,district_mueang_lamphun__12_subdistrict_umong__polling_unit_10__party_list_vote_page_2.md
สข,district_mueang_lamphun__01_subdistrict_ton_thong__polling_unit_9__party_list_vote_page_2.md
สขช,district_mueang_lamphun__11_subdistrict_pa_sak__polling_unit_14__party_list_vote_page_3.md
สขนำ,advance_outside_district_and_overseas__party_list_vote_02_page_3.md
สขย,advance_outside_district_and_overseas__party_list_vote_02_page_3.md
สขหนง,district_mueang_lamphun__08_subdistrict_nong_chang_khuen__polling_unit_1__party_list_vote_page_3.md
สขาว,district_mueang_lamphun__03_subdistrict_makhuea_chae__polling_unit_9__party_list_vote_page_2.md
สค,district_mueang_lamphun__03_subdistrict_makhuea_chae__polling_unit_20__party_list_vote_page_1.md
สคนน,district_mueang_lamphun__11_subdistrict_pa_sak__polling_unit_7__party_list_vote_page_2.md
สคนแนน,district_mae_tha__10_subdistrict_tha_khum_ngoen__polling_unit_12__party_list_vote_page_2.md
สคะแนน,district_ban_thi__02_subdistrict_huai_yap__polling_unit_15__party_list_vote_page_2.md
สง,district_mae_tha__03_subdistrict_municipality_tha_sop_sao__polling_unit_1__party_list_vote_page_2.md
สงกวา,district_mae_tha__12_subdistrict_tha_mae_lop__polling_unit_3__party_list_vote_page_3.md
สงกา,district_mueang_lamphun__07_subdistrict_mueang_chi__polling_unit_6__party_list_vote_page_3.md
สงคม,district_mueang_lamphun__03_subdistrict_makhuea_chae__polling_unit_19__party_list_vote_page_3.md
สงคมไทย,district_ban_thi__01_subdistrict_ban_thi__polling_unit_11__party_list_vote_page_2.md
สงคาม,district_ban_thi__02_subdistrict_huai_yap__polling_unit_3__party_list_vote_page_2.md
สงคโปร,district_mueang_lamphun__15_office_ban_paen__polling_unit_10__party_list_vote_page_2.md
สงรอง,district_mueang_lamphun__07_subdistrict_mueang_chi__polling_unit_7__party_list_vote_page_2.md
สงส,district_mueang_lamphun__11_subdistrict_pa_sak__polling_unit_12__party_list_vote_page_2.md
สงสม,district_mueang_lamphun__11_subdistrict_pa_sak__polling_unit_14__party_list_vote_page_2.md
สงสวน,district_ban_thi__01_subdistrict_ban_thi__polling_unit_9__party_list_vote_page_2.md
สงสาร,district_ban_thi__01_subdistrict_ban_thi__polling_unit_7__party_list_vote_page_2.md
สงสารม,district_mueang_lamphun__11_subdistrict_pa_sak__polling_unit_17__party_list_vote_page_2.md
สงห,district_ban_thi__02_subdistrict_huai_yap__polling_unit_9__party_list_vote_page_2.md
สงหทอง,district_mueang_lamphun__04_subdistrict_rim_ping__polling_unit_10__party_list_vote_page_2.md
สงหปอ,district_mueang_lamphun__12_subdistrict_umong__polling_unit_13__party_list_vote_page_2.md
สงหสด,district_mae_tha__06_subdistrict_tha_kat__polling_unit_5__party_list_vote_page_2.md
สงหา,advance_outside_district_and_overseas__party_list_vote_03_page_2.md
สงหาคม,district_mueang_lamphun__04_subdistrict_rim_ping__polling_unit_2__party_list_vote_page_3.md
สงหาน,district_mueang_lamphun__04_subdistrict_rim_ping__polling_unit_6__party_list_vote_page_2.md
สงหเกา,district_mueang_lamphun__12_subdistrict_umong__polling_unit_12__constituency_vote_page_1.md
สงแวดลอม,district_mueang_lamphun__12_subdistrict_umong__polling_unit_8__party_list_vote_page_3.md
สญย,advance_outside_district_and_overseas__party_list_vote_08_page_3.md
สตรอยหาสบเอด,district_mueang_lamphun__02_subdistrict_ban_klang__polling_unit_12__constituency_vote_page_1.md
สถง,district_mae_tha__12_subdistrict_tha_mae_lop__polling_unit_2__party_list_vote_page_2.md
สถา,advance_outside_district_and_overseas__party_list_vote_03_page_2.md
สธ,district_mueang_lamphun__12_subdistrict_umong__polling_unit_5__party_list_vote_page_2.md
สธง,district_mae_tha__04_subdistrict_tha_pla_duk__polling_unit_10__party_list_vote_page_3.md
สน,advance_outside_district_and_overseas__party_list_vote_08_page_2.md
สนตภาพ,district_mueang_lamphun__12_subdistrict_umong__polling_unit_8__party_list_vote_page_3.md
สนท,district_mae_tha__10_subdistrict_tha_khum_ngoen__polling_unit_1__party_list_vote_page_2.md
สนทร,district_mae_tha__02_subdistrict_municipality_tha_sop_chai__polling_unit_7__party_list_vote_page_3.md
สนทรพย,district_mueang_lamphun__12_subdistrict_umong__polling_unit_10__party_list_vote_page_2.md
สนทา,district_mae_tha__06_subdistrict_tha_kat__polling_unit_2__party_list_vote_page_2.md
สนธ,district_mueang_lamphun__11_subdistrict_pa_sak__polling_unit_14__party_list_vote_page_3.md
สนน,district_mueang_lamphun__01_subdistrict_ton_thong__polling_unit_2__party_list_vote_page_3.md
สนนำ,district_mae_tha__06_subdistrict_tha_kat__polling_unit_5__party_list_vote_page_2.md
สนย,district_ban_thi__01_subdistrict_ban_thi__polling_unit_10__party_list_vote_page_3.md
สนยคะแนน,district_ban_thi__02_subdistrict_huai_yap__polling_unit_15__party_list_vote_page_3.md
สนส,district_mueang_lamphun__05_subdistrict_wiang_yong__polling_unit_5__party_list_vote_page_2.md
สนำเงน,district_mueang_lamphun__01_subdistrict_ton_thong__polling_unit_12__party_list_vote_page_2.md
สนเกา,district_ban_thi__01_subdistrict_ban_thi__polling_unit_1__party_list_vote_page_3.md
สนเจง,district_mueang_lamphun__16_subdistrict_mueang_nga__polling_unit_14__party_list_vote_page_3.md
สนเจด,district_mueang_lamphun__04_subdistrict_rim_ping__polling_unit_10__party_list_vote_page_3.md
สนเทา,district_mueang_lamphun__11_subdistrict_pa_sak__polling_unit_8__party_list_vote_page_2.md
สนเอด,district_mueang_lamphun__07_subdistrict_mueang_chi__polling_unit_1__party_list_vote_page_2.md
สบ,advance_in_district__party_list_vote_09_page_3.md
สบคนถนน,district_mae_tha__10_subdistrict_tha_khum_ngoen__polling_unit_12__party_list_vote_page_1.md
สบคะแนน,district_mae_tha__12_subdistrict_tha_mae_lop__polling_unit_8__party_list_vote_page_2.md
สบคะแนนหา,district_mae_tha__12_subdistrict_tha_mae_lop__polling_unit_8__party_list_vote_page_1.md
สบตร,district_ban_thi__02_subdistrict_huai_yap__polling_unit_10__party_list_vote_page_1.md
สบถ,district_mueang_lamphun__12_subdistrict_umong__polling_unit_2__party_list_vote_page_2.md
สบบาท,district_mueang_lamphun__15_office_ban_paen__polling_unit_10__party_list_vote_page_1.md
สบลง,district_ban_thi__01_subdistrict_ban_thi__polling_unit_14__party_list_vote_page_3.md
สบลม,district_mueang_lamphun__09_subdistrict_si_bua_ban__polling_unit_15__party_list_vote_page_3.md
สบศนย,district_ban_thi__02_subdistrict_huai_yap__polling_unit_12__party_list_vote_page_1.md
สบส,advance_in_district__constituency_vote_09_page_1.md
สบสข,district_mueang_lamphun__06_subdistrict_nong_nam__polling_unit_4__party_list_vote_page_2.md
สบสคะแนน,advance_outside_district_and_overseas__constituency_vote_07_page_1.md
สบสดาน,district_mae_tha__12_subdistrict_tha_mae_lop__polling_unit_1__party_list_vote_page_3.md
สบสบ,district_mueang_lamphun__15_office_ban_paen__polling_unit_3__constituency_vote_page_1.md
สบสสบส,district_mueang_lamphun__03_subdistrict_makhuea_chae__polling_unit_14__constituency_vote_page_1.md
สบสสบเอด,district_ban_thi__01_subdistrict_ban_thi__polling_unit_14__party_list_vote_page_1.md
สบสสบแนน,district_mueang_lamphun__15_office_ban_paen__polling_unit_3__constituency_vote_page_1.md
สบสานประเพณ,district_ban_thi__01_subdistrict_ban_thi__polling_unit_11__party_list_vote_page_2.md
สบหนง,district_mueang_lamphun__12_subdistrict_umong__polling_unit_4__constituency_vote_page_1.md
สบหมน,district_mueang_lamphun__11_subdistrict_pa_sak__polling_unit_10__party_list_vote_page_3.md
สบหมนบาทถวน,district_mueang_lamphun__11_subdistrict_pa_sak__polling_unit_19__party_list_vote_page_2.md
สบหว,district_ban_thi__01_subdistrict_ban_thi__polling_unit_4__party_list_vote_page_3.md
สบหา,advance_outside_district_and_overseas__constituency_vote_04_page_1.md
สบหาคะแนน,advance_outside_district_and_overseas__constituency_vote_07_page_1.md
สบหาคะแนนหา,district_mae_tha__12_subdistrict_tha_mae_lop__polling_unit_8__party_list_vote_page_1.md
สบหารอยหาสบเจด,district_mueang_lamphun__07_subdistrict_mueang_chi__polling_unit_13__constituency_vote_page_1.md
สบหาใบ,district_ban_thi__01_subdistrict_ban_thi__polling_unit_11__constituency_vote_page_1.md
สบะ,district_mae_tha__04_subdistrict_tha_pla_duk__polling_unit_6__constituency_vote_page_1.md
สบาทถวน,district_mueang_lamphun__15_office_ban_paen__polling_unit_3__party_list_vote_page_1.md
สบายอดาวาฬ,district_mueang_lamphun__13_municipality_mueang_lamphun__polling_unit_13__party_list_vote_page_2.md
สบเกา,advance_outside_district_and_overseas__constituency_vote_03_page_1.md
สบเกาคะแนน,district_mae_tha__10_subdistrict_tha_khum_ngoen__polling_unit_12__party_list_vote_page_3.md
สบเกาบค,district_mae_tha__04_subdistrict_tha_pla_duk__polling_unit_2__constituency_vote_page_1.md
สบเกาบาทถวน,district_mueang_lamphun__15_office_ban_paen__polling_unit_3__party_list_vote_page_1.md
สบเกาสบเกา,district_mueang_lamphun__01_subdistrict_ton_thong__polling_unit_8__party_list_vote_page_3.md
สบเกาหมนเกา,district_mueang_lamphun__15_office_ban_paen__polling_unit_10__party_list_vote_page_1.md
สบเจด,advance_outside_district_and_overseas__constituency_vote_01_page_1.md
สบเจดคะแนน,district_mae_tha__12_subdistrict_tha_mae_lop__polling_unit_8__constituency_vote_page_1.md
สบเจดหมนหนงพนหนงรอยหนงสบหา,district_ban_thi__02_subdistrict_huai_yap__polling_unit_5__party_list_vote_page_1.md
สบเจดใบ,district_ban_thi__01_subdistrict_ban_thi__polling_unit_11__constituency_vote_page_1.md
สบเอด,advance_outside_district_and_overseas__constituency_vote_02_page_1.md
สบเอดคะแนน,district_ban_thi__02_subdistrict_huai_yap__polling_unit_15__constituency_vote_page_1.md
สบเอดบาทถวน,district_mueang_lamphun__03_subdistrict_makhuea_chae__polling_unit_15__constituency_vote_page_1.md
สบเอดะ,district_mae_tha__04_subdistrict_tha_pla_duk__polling_unit_6__constituency_vote_page_1.md
สบแนน,district_mueang_lamphun__15_office_ban_paen__polling_unit_3__constituency_vote_page_1.md
สบใบ,district_ban_thi__01_subdistrict_ban_thi__polling_unit_11__constituency_vote_page_1.md
สป,district_mueang_lamphun__16_subdistrict_mueang_nga__polling_unit_1__party_list_vote_page_2.md
สปภ,district_mae_tha__04_subdistrict_tha_pla_duk__polling_unit_10__party_list_vote_page_3.md
สปอ,district_mae_tha__03_subdistrict_municipality_tha_sop_sao__polling_unit_8__party_list_vote_page_2.md
สพ,district_mueang_lamphun__11_subdistrict_pa_sak__polling_unit_14__party_list_vote_page_3.md
สพย,district_mueang_lamphun__01_subdistrict_ton_thong__polling_unit_2__party_list_vote_page_3.md
สฟา,district_mueang_lamphun__09_subdistrict_si_bua_ban__polling_unit_2__party_list_vote_page_3.md
สภารอยยศ,district_mueang_lamphun__13_municipality_mueang_lamphun__polling_unit_12__constituency_vote_page_1.md
สม,district_ban_thi__02_subdistrict_huai_yap__polling_unit_13__party_list_vote_page_2.md
สมคดสบ,district_mueang_lamphun__03_subdistrict_makhuea_chae__polling_unit_13__party_list_vote_page_2.md
สมช,district_mueang_lamphun__08_subdistrict_nong_chang_khuen__polling_unit_3__party_list_vote_page_2.md
สมชวยจมพล,district_mueang_lamphun__01_subdistrict_ton_thong__polling_unit_2__party_list_vote_page_3.md
สมชายนาคสมาล,district_mueang_lamphun__01_subdistrict_ton_thong__polling_unit_2__party_list_vote_page_3.md
สมปงเอด,district_mueang_lamphun__15_office_ban_paen__polling_unit_7__party_list_vote_page_3.md
สมพนธ,district_mueang_lamphun__07_subdistrict_mueang_chi__polling_unit_10__constituency_vote_page_1.md
สมย,district_ban_thi__01_subdistrict_ban_thi__polling_unit_9__party_list_vote_page_2.md
สมยงาม,district_mueang_lamphun__11_subdistrict_pa_sak__polling_unit_14__party_list_vote_page_3.md
สมยเดยว,district_mueang_lamphun__05_subdistrict_wiang_yong__polling_unit_4__party_list_vote_page_2.md
สมรรถนะจด,district_ban_thi__01_subdistrict_ban_thi__polling_unit_6__party_list_vote_page_3.md
สมรสหยา,district_mueang_lamphun__01_subdistrict_ton_thong__polling_unit_10__party_list_vote_page_3.md
สมลง,district_mueang_lamphun__02_subdistrict_ban_klang__polling_unit_15__party_list_vote_page_2.md
สมลอง,district_mueang_lamphun__02_subdistrict_ban_klang__polling_unit_11__party_list_vote_page_2.md
สมวงเขม,district_mueang_lamphun__01_subdistrict_ton_thong__polling_unit_2__party_list_vote_page_2.md
สมศกดแกวจมป,district_mueang_lamphun__01_subdistrict_ton_thong__polling_unit_2__party_list_vote_page_3.md
สมสอ,district_mueang_lamphun__02_subdistrict_ban_klang__polling_unit_7__party_list_vote_page_2.md
สมสารม,district_mueang_lamphun__13_municipality_mueang_lamphun__polling_unit_12__party_list_vote_page_2.md
สมหนา,advance_outside_district_and_overseas__party_list_vote_04_page_2.md
สมหวงเดดขาด,district_mueang_lamphun__04_subdistrict_rim_ping__polling_unit_5__party_list_vote_page_3.md
สมหา,district_ban_thi__02_subdistrict_huai_yap__polling_unit_13__party_list_vote_page_2.md
สมอด,district_mueang_lamphun__03_subdistrict_makhuea_chae__polling_unit_1__party_list_vote_page_2.md
สมเกา,district_mae_tha__04_subdistrict_tha_pla_duk__polling_unit_3__party_list_vote_page_3.md
สมเดค,district_mueang_lamphun__04_subdistrict_rim_ping__polling_unit_10__party_list_vote_page_2.md
สมเดจพระเจาอยหว,district_ban_thi__01_subdistrict_ban_thi__polling_unit_11__party_list_vote_page_2.md
สมเลค,district_mueang_lamphun__03_subdistrict_makhuea_chae__polling_unit_12__party_list_vote_page_2.md
สย,district_mueang_lamphun__11_subdistrict_pa_sak__polling_unit_9__party_list_vote_page_2.md
สยน,district_ban_thi__02_subdistrict_huai_yap__polling_unit_1__party_list_vote_page_3.md
สยม,district_mae_tha__10_subdistrict_tha_khum_ngoen__polling_unit_1__party_list_vote_page_2.md
สรนทร,district_mueang_lamphun__01_subdistrict_ton_thong__polling_unit_9__party_list_vote_page_3.md
สรบ,district_mae_tha__06_subdistrict_tha_kat__polling_unit_6__constituency_vote_page_1.md
สรบเกา,district_mueang_lamphun__16_subdistrict_mueang_nga__polling_unit_19__constituency_vote_page_1.md
สรยเอจ,district_mueang_lamphun__05_subdistrict_wiang_yong__polling_unit_8__party_list_vote_page_3.md
สรอย,district_ban_thi__02_subdistrict_huai_yap__polling_unit_6__constituency_vote_page_1.md
สรอยยสบ,district_ban_thi__01_subdistrict_ban_thi__polling_unit_11__constituency_vote_page_1.md
สรอยยสบส,district_mueang_lamphun__02_subdistrict_ban_klang__polling_unit_11__party_list_vote_page_3.md
สรอยยสบหา,district_mae_tha__04_subdistrict_tha_pla_duk__polling_unit_1__constituency_vote_page_1.md
สรอยยสบเกา,district_mae_tha__04_subdistrict_tha_pla_duk__polling_unit_1__party_list_vote_page_3.md
สรอยยสบเจด,district_mueang_lamphun__09_subdistrict_si_bua_ban__polling_unit_4__party_list_vote_page_3.md
สรอยยสบเอด,district_mae_tha__02_subdistrict_municipality_tha_sop_chai__polling_unit_11__party_list_vote_page_3.md
สรอยส,district_mueang_lamphun__06_subdistrict_nong_nam__polling_unit_6__constituency_vote_page_1.md
สรอยสบ,district_mae_tha__10_subdistrict_tha_khum_ngoen__polling_unit_7__constituency_vote_page_1.md
สรอยสบสคะแนน,district_mueang_lamphun__15_office_ban_paen__polling_unit_9__constituency_vote_page_1.md
สรอยสบหา,district_mae_tha__02_subdistrict_municipality_tha_sop_chai__polling_unit_11__constituency_vote_page_1.md
สรอยสบเกา,district_mueang_lamphun__03_subdistrict_makhuea_chae__polling_unit_10__constituency_vote_page_1.md
สรอยสบเจด,district_ban_thi__01_subdistrict_ban_thi__polling_unit_16__constituency_vote_page_1.md
สรอยสสบ,district_mae_tha__03_subdistrict_municipality_tha_sop_sao__polling_unit_5__constituency_vote_page_1.md
สรอยสสบส,district_mueang_lamphun__15_office_ban_paen__polling_unit_1__party_list_vote_page_3.md
สรอยสสบหา,district_mueang_lamphun__02_subdistrict_ban_klang__polling_unit_6__party_list_vote_page_3.md
สรอยสสบเกา,district_mueang_lamphun__02_subdistrict_ban_klang__polling_unit_14__party_list_vote_page_3.md
สรอยสสบเกาคะแนน,district_mae_tha__12_subdistrict_tha_mae_lop__polling_unit_8__party_list_vote_page_1.md
สรอยสสบเจด,district_mueang_lamphun__11_subdistrict_pa_sak__polling_unit_19__constituency_vote_page_1.md
สรอยสสบเอด,district_mae_tha__06_subdistrict_tha_kat__polling_unit_5__party_list_vote_page_3.md
สรอยหนง,district_mae_tha__03_subdistrict_municipality_tha_sop_sao__polling_unit_3__party_list_vote_page_3.md
สรอยหา,district_mueang_lamphun__02_subdistrict_ban_klang__polling_unit_5__constituency_vote_page_1.md
สรอยหาสบ,district_mueang_lamphun__02_subdistrict_ban_klang__polling_unit_4__constituency_vote_page_1.md
สรอยหาสบส,district_mueang_lamphun__09_subdistrict_si_bua_ban__polling_unit_8__party_list_vote_page_3.md
สรอยหาสบหา,district_mueang_lamphun__16_subdistrict_mueang_nga__polling_unit_5__constituency_vote_page_1.md
สรอยหาสบเกา,district_mueang_lamphun__04_subdistrict_rim_ping__polling_unit_8__party_list_vote_page_3.md
สรอยหาสบเอด,district_mueang_lamphun__09_subdistrict_si_bua_ban__polling_unit_8__constituency_vote_page_1.md
สรอยเกา,district_mueang_lamphun__02_subdistrict_ban_klang__polling_unit_11__constituency_vote_page_1.md
สรอยเกาสบ,district_ban_thi__01_subdistrict_ban_thi__polling_unit_11__party_list_vote_page_3.md
สรอยเกาสบหา,district_mueang_lamphun__11_subdistrict_pa_sak__polling_unit_8__party_list_vote_page_3.md
สรอยเกาสบเกา,district_mueang_lamphun__03_subdistrict_makhuea_chae__polling_unit_7__constituency_vote_page_1.md
สรอยเกาสบเอด,district_mueang_lamphun__02_subdistrict_ban_klang__polling_unit_14__constituency_vote_page_1.md
สรอยเกาสบแนน,district_mueang_lamphun__15_office_ban_paen__polling_unit_3__constituency_vote_page_1.md
สรอยเจด,district_mae_tha__04_subdistrict_tha_pla_duk__polling_unit_9__party_list_vote_page_3.md
สรอยเจดสบ,district_mueang_lamphun__01_subdistrict_ton_thong__polling_unit_12__constituency_vote_page_1.md
สรอยเจดสบหา,district_mueang_lamphun__12_subdistrict_umong__polling_unit_15__constituency_vote_page_1.md
สรอยเจดสบหาหมหา,district_mueang_lamphun__16_subdistrict_mueang_nga__polling_unit_7__party_list_vote_page_3.md
สรอยเจดสบเกา,district_mueang_lamphun__01_subdistrict_ton_thong__polling_unit_12__party_list_vote_page_3.md
สรอยเจดสบเจด,district_mueang_lamphun__03_subdistrict_makhuea_chae__polling_unit_16__party_list_vote_page_3.md
สรอยเจดสบเอด,district_mueang_lamphun__05_subdistrict_wiang_yong__polling_unit_2__constituency_vote_page_1.md
สรอยเอด,district_mueang_lamphun__01_subdistrict_ton_thong__polling_unit_8__party_list_vote_page_3.md
สราง,district_mueang_lamphun__04_subdistrict_rim_ping__polling_unit_8__party_list_vote_page_2.md
สรางอนาคตไทย,district_ban_thi__01_subdistrict_ban_thi__polling_unit_11__party_list_vote_page_2.md
สลง,district_mueang_lamphun__16_subdistrict_mueang_nga__polling_unit_1__party_list_vote_page_2.md
สลบรวม,district_mueang_lamphun__11_subdistrict_pa_sak__polling_unit_4__party_list_vote_page_2.md
สลาน,district_mueang_lamphun__11_subdistrict_pa_sak__polling_unit_5__party_list_vote_page_2.md
สลานส,district_mueang_lamphun__02_subdistrict_ban_klang__polling_unit_13__party_list_vote_page_3.md
สลานเจด,district_mueang_lamphun__11_subdistrict_pa_sak__polling_unit_19__party_list_vote_page_3.md
สว,district_mae_tha__04_subdistrict_tha_pla_duk__polling_unit_16__party_list_vote_page_2.md
สวน,district_ban_thi__01_subdistrict_ban_thi__polling_unit_1__party_list_vote_page_3.md
สวนรอยหาสบเอด,district_mueang_lamphun__15_office_ban_paen__polling_unit_2__party_list_vote_page_3.md
สวม,district_mueang_lamphun__08_subdistrict_nong_chang_khuen__polling_unit_3__party_list_vote_page_2.md
สววรรคสบเอด,district_mueang_lamphun__15_office_ban_paen__polling_unit_7__party_list_vote_page_3.md
สวสดอนำสบ,district_mueang_lamphun__02_subdistrict_ban_klang__polling_unit_13__constituency_vote_page_1.md
สวสดอนำสบเกา,district_mueang_lamphun__02_subdistrict_ban_klang__polling_unit_13__constituency_vote_page_1.md
สวาก,advance_outside_district_and_overseas__party_list_vote_03_page_2.md
สวากล,district_mueang_lamphun__03_subdistrict_makhuea_chae__polling_unit_7__party_list_vote_page_3.md
สวาง,district_mueang_lamphun__08_subdistrict_nong_chang_khuen__polling_unit_1__party_list_vote_page_2.md
สวางลาง,district_mueang_lamphun__03_subdistrict_makhuea_chae__polling_unit_7__party_list_vote_page_3.md
สวางสงคม,district_mueang_lamphun__04_subdistrict_rim_ping__polling_unit_11__party_list_vote_page_3.md
สวางอองเกาสง,district_mueang_lamphun__12_subdistrict_umong__polling_unit_12__constituency_vote_page_1.md
สวางใจ,district_ban_thi__01_subdistrict_ban_thi__polling_unit_11__party_list_vote_page_2.md
สส,advance_in_district__party_list_vote_09_page_3.md
สสง,district_mueang_lamphun__08_subdistrict_nong_chang_khuen__polling_unit_2__party_list_vote_page_2.md
สสงข,district_mueang_lamphun__12_subdistrict_umong__polling_unit_12__constituency_vote_page_1.md
สสน,district_mueang_lamphun__13_municipality_mueang_lamphun__polling_unit_7__party_list_vote_page_2.md
สสนดาล,district_mueang_lamphun__16_subdistrict_mueang_nga__polling_unit_3__party_list_vote_page_3.md
สสนอง,district_mueang_lamphun__10_subdistrict_pratu_pa__polling_unit_4__party_list_vote_page_2.md
สสบ,advance_outside_district_and_overseas__constituency_vote_03_page_1.md
สสบคะแนน,district_mueang_lamphun__01_subdistrict_ton_thong__polling_unit_4__constituency_vote_page_1.md
สสบส,district_ban_thi__01_subdistrict_ban_thi__polling_unit_1__constituency_vote_page_1.md
สสบหา,district_mae_tha__04_subdistrict_tha_pla_duk__polling_unit_8__constituency_vote_page_1.md
สสบหาคะแนน,district_mae_tha__05_subdistrict_tha_thung_luang__polling_unit_8__party_list_vote_page_1.md
สสบเกา,district_mae_tha__03_subdistrict_municipality_tha_sop_sao__polling_unit_8__party_list_vote_page_3.md
สสบเกาคะแนน,advance_outside_district_and_overseas__constituency_vote_07_page_1.md
สสบเจด,advance_outside_district_and_overseas__constituency_vote_04_page_1.md
สสบเอด,advance_outside_district_and_overseas__constituency_vote_04_page_1.md
สสบเอดคะแนน,district_mueang_lamphun__11_subdistrict_pa_sak__polling_unit_10__constituency_vote_page_1.md
สสบเอดหนง,district_ban_thi__02_subdistrict_huai_yap__polling_unit_12__party_list_vote_page_1.md
สสม,district_mae_tha__10_subdistrict_tha_khum_ngoen__polling_unit_4__party_list_vote_page_2.md
สสมรอง,district_mueang_lamphun__02_subdistrict_ban_klang__polling_unit_16__party_list_vote_page_3.md
สสมรองชมพสม,district_mueang_lamphun__02_subdistrict_ban_klang__polling_unit_16__party_list_vote_page_3.md
สสมหนา,district_mueang_lamphun__07_subdistrict_mueang_chi__polling_unit_8__party_list_vote_page_3.md
สสมเทา,district_mueang_lamphun__02_subdistrict_ban_klang__polling_unit_16__party_list_vote_page_3.md
สสล,district_mueang_lamphun__01_subdistrict_ton_thong__polling_unit_8__party_list_vote_page_2.md
สหมน,district_mae_tha__03_subdistrict_municipality_tha_sop_sao__polling_unit_5__constituency_vote_page_1.md
สหาเกา,district_mueang_lamphun__11_subdistrict_pa_sak__polling_unit_6__party_list_vote_page_3.md
สอ,district_mueang_lamphun__03_subdistrict_makhuea_chae__polling_unit_18__party_list_vote_page_2.md
สอด,district_mueang_lamphun__02_subdistrict_ban_klang__polling_unit_5__party_list_vote_page_3.md
สอดภพ,district_mueang_lamphun__04_subdistrict_rim_ping__polling_unit_6__party_list_vote_page_2.md
สอดรอย,district_mueang_lamphun__09_subdistrict_si_bua_ban__polling_unit_4__constituency_vote_page_1.md
สอดแทน,district_mae_tha__12_subdistrict_tha_mae_lop__polling_unit_1__party_list_vote_page_3.md
สอดแทรก,district_mueang_lamphun__13_municipality_mueang_lamphun__polling_unit_13__party_list_vote_page_3.md
สอน,district_mueang_lamphun__12_subdistrict_umong__polling_unit_15__party_list_vote_page_3.md
สอนา,district_mae_tha__02_subdistrict_municipality_tha_sop_chai__polling_unit_8__party_list_vote_page_2.md
สอนเรยนสบเอด,district_mueang_lamphun__12_subdistrict_umong__polling_unit_16__party_list_vote_page_1.md
สอบ,district_mae_tha__04_subdistrict_tha_pla_duk__polling_unit_3__party_list_vote_page_3.md
สอา,district_mueang_lamphun__01_subdistrict_ton_thong__polling_unit_2__party_list_vote_page_3.md
สาก,district_mueang_lamphun__04_subdistrict_rim_ping__polling_unit_2__party_list_vote_page_2.md
สานา,district_mueang_lamphun__01_subdistrict_ton_thong__polling_unit_2__party_list_vote_page_3.md
สารรบจากสมเอด,district_mueang_lamphun__16_subdistrict_mueang_nga__polling_unit_14__party_list_vote_page_3.md
สาสมสข,district_mueang_lamphun__16_subdistrict_mueang_nga__polling_unit_1__party_list_vote_page_2.md
สำนก,district_mueang_lamphun__12_subdistrict_umong__polling_unit_5__party_list_vote_page_2.md
สำหรบหมายเลขอ,district_mueang_lamphun__09_subdistrict_si_bua_ban__polling_unit_5__constituency_vote_page_1.md
สเขยว,district_mae_tha__05_subdistrict_tha_thung_luang__polling_unit_1__party_list_vote_page_3.md
สเขยวสเหลองสสม,district_mae_tha__04_subdistrict_tha_pla_duk__polling_unit_16__party_list_vote_page_3.md
สเชด,district_ban_thi__01_subdistrict_ban_thi__polling_unit_4__constituency_vote_page_1.md
สเหลอง,district_mueang_lamphun__01_subdistrict_ton_thong__polling_unit_12__party_list_vote_page_2.md
สแดง,district_mae_tha__10_subdistrict_tha_khum_ngoen__polling_unit_4__party_list_vote_page_2.md
สโม,district_mueang_lamphun__07_subdistrict_mueang_chi__polling_unit_10__party_list_vote_page_2.md
สโมสร,district_mueang_lamphun__11_subdistrict_pa_sak__polling_unit_1__party_list_vote_page_2.md
หนง,advance_in_district__constituency_vote_09_page_1.md
หนงคน,district_mueang_lamphun__15_office_ban_paen__polling_unit_10__party_list_vote_page_3.md
หนงคนถนน,district_mae_tha__10_subdistrict_tha_khum_ngoen__polling_unit_12__party_list_vote_page_1.md
หนงคนน,district_mueang_lamphun__11_subdistrict_pa_sak__polling_unit_7__party_list_vote_page_2.md
หนงคนแนน,district_mae_tha__10_subdistrict_tha_khum_ngoen__polling_unit_12__party_list_vote_page_2.md
หนงคะแนน,advance_outside_district_and_overseas__constituency_vote_07_page_1.md
หนงคาเทน,district_mueang_lamphun__03_subdistrict_makhuea_chae__polling_unit_15__party_list_vote_page_3.md
หนงดอนแนน,district_mueang_lamphun__11_subdistrict_pa_sak__polling_unit_7__party_list_vote_page_1.md
หนงดาน,district_mae_tha__12_subdistrict_tha_mae_lop__polling_unit_1__party_list_vote_page_3.md
หนงดาวน,district_mueang_lamphun__13_municipality_mueang_lamphun__polling_unit_13__party_list_vote_page_2.md
หนงบตร,district_ban_thi__02_subdistrict_huai_yap__polling_unit_10__party_list_vote_page_1.md
หนงบาทถวน,district_mueang_lamphun__15_office_ban_paen__polling_unit_3__party_list_vote_page_1.md
หนงพน,district_mueang_lamphun__03_subdistrict_makhuea_chae__polling_unit_7__party_list_vote_page_2.md
หนงพนบาทถวน,district_mueang_lamphun__11_subdistrict_pa_sak__polling_unit_10__party_list_vote_page_3.md
หนงพนหนง,district_mueang_lamphun__03_subdistrict_makhuea_chae__polling_unit_15__party_list_vote_page_1.md
หนงพนหาสบเอด,district_mueang_lamphun__02_subdistrict_ban_klang__polling_unit_2__constituency_vote_page_1.md
หนงรอย,district_ban_thi__01_subdistrict_ban_thi__polling_unit_10__constituency_vote_page_1.md
หนงรอยยสบ,district_ban_thi__02_subdistrict_huai_yap__polling_unit_14__party_list_vote_page_3.md
หนงรอยยสบส,district_mae_tha__04_subdistrict_tha_pla_duk__polling_unit_2__constituency_vote_page_1.md
หนงรอยยสบสคะแนน,district_mueang_lamphun__11_subdistrict_pa_sak__polling_unit_7__party_list_vote_page_1.md
หนงรอยยสบหนงคะแนน,district_mueang_lamphun__15_office_ban_paen__polling_unit_6__constituency_vote_page_1.md
หนงรอยยสบหา,district_mae_tha__01_subdistrict_tha_sop_sao__polling_unit_1__party_list_vote_page_3.md
หนงรอยยสบเกา,district_ban_thi__01_subdistrict_ban_thi__polling_unit_20__constituency_vote_page_1.md
หนงรอยยสบเจด,district_ban_thi__02_subdistrict_huai_yap__polling_unit_1__constituency_vote_page_1.md
หนงรอยยสบเอด,district_mae_tha__06_subdistrict_tha_kat__polling_unit_8__constituency_vote_page_1.md
หนงรอยส,district_ban_thi__01_subdistrict_ban_thi__polling_unit_21__constituency_vote_page_1.md
หนงรอยสบ,district_ban_thi__01_subdistrict_ban_thi__polling_unit_16__constituency_vote_page_1.md
หนงรอยสบคะแนน,district_mueang_lamphun__15_office_ban_paen__polling_unit_9__party_list_vote_page_1.md
หนงรอยสบส,district_mae_tha__04_subdistrict_tha_pla_duk__polling_unit_10__party_list_vote_page_3.md
หนงรอยสบหา,district_mueang_lamphun__01_subdistrict_ton_thong__polling_unit_2__constituency_vote_page_1.md
หนงรอยสบเกา,district_ban_thi__01_subdistrict_ban_thi__polling_unit_18__constituency_vote_page_1.md
หนงรอยสบเจด,district_ban_thi__01_subdistrict_ban_thi__polling_unit_20__party_list_vote_page_1.md
หนงรอยสบเอด,district_ban_thi__01_subdistrict_ban_thi__polling_unit_6__constituency_vote_page_1.md
หนงรอยสสบ,district_ban_thi__01_subdistrict_ban_thi__polling_unit_11__constituency_vote_page_1.md
หนงรอยสสบส,district_ban_thi__01_subdistrict_ban_thi__polling_unit_19__constituency_vote_page_1.md
หนงรอยสสบสบาทถวนหนงรอยสสบเอดสตางค,district_ban_thi__01_subdistrict_ban_thi__polling_unit_16__party_list_vote_page_3.md
หนงรอยสสบหา,district_mae_tha__03_subdistrict_municipality_tha_sop_sao__polling_unit_3__party_list_vote_page_3.md
หนงรอยสสบเกา,district_ban_thi__02_subdistrict_huai_yap__polling_unit_1__party_list_vote_page_3.md
หนงรอยสสบเจด,district_mae_tha__01_subdistrict_tha_sop_sao__polling_unit_1__constituency_vote_page_1.md
หนงรอยสสบเอด,district_mae_tha__04_subdistrict_tha_pla_duk__polling_unit_11__party_list_vote_page_3.md
หนงรอยสเอดคะแนน,district_mueang_lamphun__01_subdistrict_ton_thong__polling_unit_14__party_list_vote_page_1.md
หนงรอยหนง,district_mae_tha__06_subdistrict_tha_kat__polling_unit_3__constituency_vote_page_1.md
หนงรอยหา,district_ban_thi__01_subdistrict_ban_thi__polling_unit_10__constituency_vote_page_1.md
หนงรอยหาสบ,district_ban_thi__02_subdistrict_huai_yap__polling_unit_12__constituency_vote_page_1.md
หนงรอยหาสบส,district_mae_tha__12_subdistrict_tha_mae_lop__polling_unit_3__party_list_vote_page_3.md
หนงรอยหาสบสลาน,district_mueang_lamphun__13_municipality_mueang_lamphun__polling_unit_13__party_list_vote_page_3.md
หนงรอยหาสบหา,district_ban_thi__02_subdistrict_huai_yap__polling_unit_5__party_list_vote_page_1.md
หนงรอยหาสบเจด,district_mae_tha__07_subdistrict_municipality_tha_kat__polling_unit_4__constituency_vote_page_1.md
หนงรอยหาสบเอด,district_ban_thi__02_subdistrict_huai_yap__polling_unit_12__constituency_vote_page_1.md
หนงรอยหาสบใบ,district_ban_thi__01_subdistrict_ban_thi__polling_unit_11__constituency_vote_page_1.md
หนงรอยหาหนงรอยหา,district_mueang_lamphun__04_subdistrict_rim_ping__polling_unit_10__constituency_vote_page_1.md
หนงรอยเกา,district_ban_thi__02_subdistrict_huai_yap__polling_unit_9__party_list_vote_page_1.md
หนงรอยเกาสบ,district_ban_thi__02_subdistrict_huai_yap__polling_unit_8__constituency_vote_page_1.md
หนงรอยเกาสบส,district_mueang_lamphun__03_subdistrict_makhuea_chae__polling_unit_9__constituency_vote_page_1.md
หนงรอยเกาสบสคะแนน,district_ban_thi__02_subdistrict_huai_yap__polling_unit_2__constituency_vote_page_1.md
หนงรอยเกาสบสบาทถวน,district_mueang_lamphun__03_subdistrict_makhuea_chae__polling_unit_15__constituency_vote_page_1.md
หนงรอยเกาสบหา,district_mae_tha__10_subdistrict_tha_khum_ngoen__polling_unit_8__constituency_vote_page_1.md
หนงรอยเกาสบหาสสบหา,district_mueang_lamphun__11_subdistrict_pa_sak__polling_unit_9__constituency_vote_page_1.md
หนงรอยเกาสบเกา,district_ban_thi__02_subdistrict_huai_yap__polling_unit_10__constituency_vote_page_1.md
หนงรอยเกาสบเจด,district_ban_thi__02_subdistrict_huai_yap__polling_unit_2__party_list_vote_page_3.md
หนงรอยเกาสบเอด,district_mae_tha__06_subdistrict_tha_kat__polling_unit_12__constituency_vote_page_1.md
หนงรอยเจด,district_ban_thi__01_subdistrict_ban_thi__polling_unit_19__party_list_vote_page_3.md
หนงรอยเจดสบ,district_ban_thi__01_subdistrict_ban_thi__polling_unit_20__constituency_vote_page_1.md
หนงรอยเจดสบส,district_mae_tha__04_subdistrict_tha_pla_duk__polling_unit_7__constituency_vote_page_1.md
หนงรอยเจดสบสคะแนน,district_mueang_lamphun__14_subdistrict_ban_paen__polling_unit_2__constituency_vote_page_1.md
หนงรอยเจดสบหา,district_mae_tha__07_subdistrict_municipality_tha_kat__polling_unit_1__constituency_vote_page_1.md
หนงรอยเจดสบเกา,district_mueang_lamphun__07_subdistrict_mueang_chi__polling_unit_5__party_list_vote_page_3.md
หนงรอยเจดสบเจด,district_mae_tha__07_subdistrict_municipality_tha_kat__polling_unit_3__constituency_vote_page_1.md
หนงรอยเจดสบเอด,district_mueang_lamphun__01_subdistrict_ton_thong__polling_unit_11__party_list_vote_page_3.md
หนงรอยเจดสบเอดคะแนน,district_mae_tha__12_subdistrict_tha_mae_lop__polling_unit_8__party_list_vote_page_3.md
หนงรอยเอด,district_mae_tha__04_subdistrict_tha_pla_duk__polling_unit_15__party_list_vote_page_3.md
หนงละ,district_mueang_lamphun__01_subdistrict_ton_thong__polling_unit_4__party_list_vote_page_3.md
หนงลาน,district_mueang_lamphun__11_subdistrict_pa_sak__polling_unit_11__party_list_vote_page_2.md
หนงศนย,district_mae_tha__04_subdistrict_tha_pla_duk__polling_unit_8__party_list_vote_page_2.md
หนงสงห,district_mueang_lamphun__12_subdistrict_umong__polling_unit_12__constituency_vote_page_1.md
หนงสบ,district_mueang_lamphun__03_subdistrict_makhuea_chae__polling_unit_7__party_list_vote_page_1.md
หนงสบคะแนน,district_mueang_lamphun__11_subdistrict_pa_sak__polling_unit_11__party_list_vote_page_1.md
หนงสบส,district_ban_thi__01_subdistrict_ban_thi__polling_unit_9__party_list_vote_page_1.md
หนงสบสหนง,district_mueang_lamphun__11_subdistrict_pa_sak__polling_unit_9__constituency_vote_page_1.md
หนงสบเกา,district_mae_tha__07_subdistrict_municipality_tha_kat__polling_unit_1__party_list_vote_page_3.md
หนงหนง,district_mueang_lamphun__04_subdistrict_rim_ping__polling_unit_10__constituency_vote_page_1.md
หนงหมน,district_mueang_lamphun__11_subdistrict_pa_sak__polling_unit_6__party_list_vote_page_2.md
หนงหมนบาท,district_mueang_lamphun__01_subdistrict_ton_thong__polling_unit_4__party_list_vote_page_3.md
หนงหมนเกาพนเการอยเกาสบเกา,district_ban_thi__02_subdistrict_huai_yap__polling_unit_5__party_list_vote_page_1.md
หนงหมนเอดพนบาทถวน,district_mueang_lamphun__01_subdistrict_ton_thong__polling_unit_15__party_list_vote_page_2.md
หนงเจด,district_mueang_lamphun__11_subdistrict_pa_sak__polling_unit_6__constituency_vote_page_1.md
หนงไทย,district_ban_thi__01_subdistrict_ban_thi__polling_unit_11__party_list_vote_page_2.md
หนวง,district_mae_tha__06_subdistrict_tha_kat__polling_unit_9__party_list_vote_page_1.md
หนองใหญ,district_mueang_lamphun__12_subdistrict_umong__polling_unit_10__party_list_vote_page_2.md
หนา,district_ban_thi__01_subdistrict_ban_thi__polling_unit_4__party_list_vote_page_3.md
หนาทองสงคม,district_mueang_lamphun__12_subdistrict_umong__polling_unit_2__constituency_vote_page_1.md
หนารอย,district_mueang_lamphun__16_subdistrict_mueang_nga__polling_unit_14__party_list_vote_page_3.md
หนารอยเกาสบเกาหารอยเกาสบเกา,district_mueang_lamphun__13_municipality_mueang_lamphun__polling_unit_8__party_list_vote_page_3.md
หปธ,district_mueang_lamphun__04_subdistrict_rim_ping__polling_unit_3__party_list_vote_page_3.md
หปธมสาร,district_mueang_lamphun__04_subdistrict_rim_ping__polling_unit_3__party_list_vote_page_3.md
หม,district_mae_tha__10_subdistrict_tha_khum_ngoen__polling_unit_1__party_list_vote_page_3.md
หมดคะแนน,district_mueang_lamphun__15_office_ban_paen__polling_unit_9__party_list_vote_page_1.md
หมตำบลทาศาลา,district_mueang_lamphun__03_subdistrict_makhuea_chae__polling_unit_14__party_list_vote_page_3.md
หมน,district_ban_thi__02_subdistrict_huai_yap__polling_unit_1__party_list_vote_page_3.md
หมนบาท,district_mueang_lamphun__01_subdistrict_ton_thong__polling_unit_4__party_list_vote_page_3.md
หมนบาทถวน,district_mueang_lamphun__11_subdistrict_pa_sak__polling_unit_19__party_list_vote_page_2.md
หมนรอยสบเกา,district_ban_thi__01_subdistrict_ban_thi__polling_unit_4__party_list_vote_page_3.md
หมนหนงพนบาทถวน,district_mueang_lamphun__11_subdistrict_pa_sak__polling_unit_10__party_list_vote_page_3.md
หมนเจดพน,district_mueang_lamphun__03_subdistrict_makhuea_chae__polling_unit_7__constituency_vote_page_1.md
หมอง,district_mueang_lamphun__08_subdistrict_nong_chang_khuen__polling_unit_2__party_list_vote_page_1.md
หมา,district_mueang_lamphun__02_subdistrict_ban_klang__polling_unit_10__party_list_vote_page_2.md
หยงคะแน,district_mueang_lamphun__15_office_ban_paen__polling_unit_6__party_list_vote_page_3.md
หยงคานาง,district_mueang_lamphun__15_office_ban_paen__polling_unit_10__party_list_vote_page_2.md
หลกสตร,district_mueang_lamphun__12_subdistrict_umong__polling_unit_2__constituency_vote_page_1.md
หลงคา,district_mueang_lamphun__04_subdistrict_rim_ping__polling_unit_6__party_list_vote_page_2.md
หว,district_mae_tha__10_subdistrict_tha_khum_ngoen__polling_unit_4__party_list_vote_page_1.md
หวงชาต,district_ban_thi__01_subdistrict_ban_thi__polling_unit_11__party_list_vote_page_2.md
หวใจเกา,district_mueang_lamphun__02_subdistrict_ban_klang__polling_unit_13__constituency_vote_page_1.md
หองคะแนน,district_mueang_lamphun__06_subdistrict_nong_nam__polling_unit_7__party_list_vote_page_2.md
หองเจดสบ,district_mueang_lamphun__13_municipality_mueang_lamphun__polling_unit_7__party_list_vote_page_3.md
หอย,district_mueang_lamphun__14_subdistrict_ban_paen__polling_unit_1__constituency_vote_page_1.md
หา,advance_outside_district_and_overseas__constituency_vote_03_page_1.md
หาคะแนน,advance_outside_district_and_overseas__constituency_vote_07_page_1.md
หาบตร,district_ban_thi__02_subdistrict_huai_yap__polling_unit_10__party_list_vote_page_1.md
หาพน,district_mae_tha__06_subdistrict_tha_kat__polling_unit_10__constituency_vote_page_1.md
หาพนบาทถวน,district_mueang_lamphun__11_subdistrict_pa_sak__polling_unit_11__party_list_vote_page_2.md
หาพนหาสบ,advance_outside_district_and_overseas__party_list_vote_06_page_3.md
หารอย,advance_outside_district_and_overseas__constituency_vote_01_page_1.md
หารอยยสบ,advance_outside_district_and_overseas__constituency_vote_04_page_1.md
หารอยยสบส,district_mueang_lamphun__16_subdistrict_mueang_nga__polling_unit_1__party_list_vote_page_3.md
หารอยยสบหาคะแนน,district_mueang_lamphun__01_subdistrict_ton_thong__polling_unit_14__party_list_vote_page_3.md
หารอยยสบเกา,advance_outside_district_and_overseas__constituency_vote_03_page_1.md
หารอยยสบเจด,advance_outside_district_and_overseas__constituency_vote_06_page_1.md
หารอยยสบเอด,district_ban_thi__02_subdistrict_huai_yap__polling_unit_5__party_list_vote_page_3.md
หารอยยสบเอดคะแนน,district_mueang_lamphun__01_subdistrict_ton_thong__polling_unit_14__constituency_vote_page_1.md
หารอยสบ,district_ban_thi__02_subdistrict_huai_yap__polling_unit_5__constituency_vote_page_1.md
หารอยสบส,district_mueang_lamphun__16_subdistrict_mueang_nga__polling_unit_13__party_list_vote_page_3.md
หารอยสบหา,district_mueang_lamphun__09_subdistrict_si_bua_ban__polling_unit_5__party_list_vote_page_1.md
หารอยสบเจด,district_mueang_lamphun__03_subdistrict_makhuea_chae__polling_unit_1__constituency_vote_page_1.md
หารอยสบเอด,district_mueang_lamphun__11_subdistrict_pa_sak__polling_unit_5__party_list_vote_page_3.md
หารอยสสบ,advance_outside_district_and_overseas__party_list_vote_01_page_3.md
หารอยสสบส,district_mueang_lamphun__11_subdistrict_pa_sak__polling_unit_2__constituency_vote_page_1.md
หารอยสสบสคะแนน,advance_outside_district_and_overseas__party_list_vote_07_page_3.md
หารอยสสบสหารอยสสบส,district_mueang_lamphun__02_subdistrict_ban_klang__polling_unit_10__constituency_vote_page_1.md
หารอยสสบหา,advance_outside_district_and_overseas__constituency_vote_02_page_1.md
หารอยสสบหาคะแนน,district_mae_tha__12_subdistrict_tha_mae_lop__polling_unit_1__party_list_vote_page_1.md
หารอยหนง,district_mueang_lamphun__12_subdistrict_umong__polling_unit_16__constituency_vote_page_1.md
หารอยหาสบ,advance_outside_district_and_overseas__constituency_vote_01_page_1.md
หารอยหาสบส,district_mueang_lamphun__13_municipality_mueang_lamphun__polling_unit_14__constituency_vote_page_1.md
หารอยหาสบเจด,district_mueang_lamphun__07_subdistrict_mueang_chi__polling_unit_11__party_list_vote_page_3.md
หารอยหาสบเอด,district_mueang_lamphun__04_subdistrict_rim_ping__polling_unit_8__party_list_vote_page_3.md
หารอยเกา,advance_outside_district_and_overseas__party_list_vote_04_page_3.md
หารอยเกาสบ,district_mueang_lamphun__03_subdistrict_makhuea_chae__polling_unit_3__party_list_vote_page_3.md
หารอยเกาสบส,district_mueang_lamphun__01_subdistrict_ton_thong__polling_unit_5__party_list_vote_page_3.md
หารอยเกาสบหา,district_mueang_lamphun__03_subdistrict_makhuea_chae__polling_unit_4__party_list_vote_page_1.md
หารอยเกาสบเกา,district_ban_thi__02_subdistrict_huai_yap__polling_unit_11__party_list_vote_page_1.md
หารอยเกาสบเกาหมหนงรอยหาสบเอด,district_mueang_lamphun__13_municipality_mueang_lamphun__polling_unit_6__party_list_vote_page_3.md
หารอยเจด,district_mueang_lamphun__01_subdistrict_ton_thong__polling_unit_1__constituency_vote_page_1.md
หารอยเจดสบ,advance_outside_district_and_overseas__party_list_vote_08_page_3.md
หารอยเจดสบส,district_mueang_lamphun__15_office_ban_paen__polling_unit_2__constituency_vote_page_1.md
หารอยเจดสบหา,district_mueang_lamphun__04_subdistrict_rim_ping__polling_unit_9__party_list_vote_page_3.md
หารอยเจดสบเจด,district_mueang_lamphun__11_subdistrict_pa_sak__polling_unit_16__party_list_vote_page_3.md
หารอยเอด,district_mueang_lamphun__12_subdistrict_umong__polling_unit_2__party_list_vote_page_3.md
หาส,district_mae_tha__06_subdistrict_tha_kat__polling_unit_13__party_list_vote_page_3.md
หาสบ,advance_outside_district_and_overseas__constituency_vote_01_page_1.md
หาสบคะแนน,district_mueang_lamphun__01_subdistrict_ton_thong__polling_unit_14__party_list_vote_page_3.md
หาสบส,district_mae_tha__10_subdistrict_tha_khum_ngoen__polling_unit_2__party_list_vote_page_1.md
หาสบหา,district_ban_thi__02_subdistrict_huai_yap__polling_unit_7__party_list_vote_page_3.md
หาสบเกา,advance_outside_district_and_overseas__party_list_vote_04_page_1.md
หาสบเกาคะแนน,district_mae_tha__05_subdistrict_tha_thung_luang__polling_unit_8__party_list_vote_page_3.md
หาสบเจด,advance_outside_district_and_overseas__constituency_vote_02_page_1.md
หาสบเอด,advance_outside_district_and_overseas__party_list_vote_03_page_1.md
หาสบเอดคะแนน,district_mae_tha__05_subdistrict_tha_thung_luang__polling_unit_8__constituency_vote_page_1.md
หาสสบเจด,district_mueang_lamphun__04_subdistrict_rim_ping__polling_unit_5__constituency_vote_page_1.md
หาหม,district_mueang_lamphun__11_subdistrict_pa_sak__polling_unit_6__constituency_vote_page_1.md
หาหมน,district_mueang_lamphun__12_subdistrict_umong__polling_unit_2__party_list_vote_page_2.md
หาหมนบาท,district_mueang_lamphun__01_subdistrict_ton_thong__polling_unit_4__party_list_vote_page_3.md
หาหมนยสบ,district_mae_tha__05_subdistrict_tha_thung_luang__polling_unit_3__party_list_vote_page_3.md
หาหมนสบเจด,district_mueang_lamphun__15_office_ban_paen__polling_unit_7__party_list_vote_page_3.md
หาหมนเกาพนบาทถวน,district_mueang_lamphun__04_subdistrict_rim_ping__polling_unit_6__party_list_vote_page_3.md
หาหมนเกาพนยสบบาท,district_mae_tha__05_subdistrict_tha_thung_luang__polling_unit_3__party_list_vote_page_2.md
หาหมนเกาพนเการอยเกาสบเกา,district_ban_thi__02_subdistrict_huai_yap__polling_unit_5__party_list_vote_page_1.md
หาหมนเจดพน,district_mueang_lamphun__03_subdistrict_makhuea_chae__polling_unit_7__constituency_vote_page_1.md
หาหมนเจดพนเการอยเอด,district_mae_tha__10_subdistrict_tha_khum_ngoen__polling_unit_11__party_list_vote_page_3.md
หาหมาวแทน,district_mae_tha__12_subdistrict_tha_mae_lop__polling_unit_1__party_list_vote_page_1.md
หาะ,district_mae_tha__04_subdistrict_tha_pla_duk__polling_unit_6__constituency_vote_page_1.md
องหมดแทน,district_mae_tha__12_subdistrict_tha_mae_lop__polling_unit_1__party_list_vote_page_3.md
อนทนนท,district_mueang_lamphun__08_subdistrict_nong_chang_khuen__polling_unit_3__party_list_vote_page_2.md
อนนต,district_mae_tha__06_subdistrict_tha_kat__polling_unit_4__party_list_vote_page_1.md
อนพนธ,district_mueang_lamphun__15_office_ban_paen__polling_unit_7__party_list_vote_page_3.md
อนรกษ,district_ban_thi__01_subdistrict_ban_thi__polling_unit_11__party_list_vote_page_2.md
อนล,district_mae_tha__10_subdistrict_tha_khum_ngoen__polling_unit_10__party_list_vote_page_2.md
อบล,district_ban_thi__01_subdistrict_ban_thi__polling_unit_9__party_list_vote_page_2.md
อบส,district_mae_tha__04_subdistrict_tha_pla_duk__polling_unit_2__constituency_vote_page_1.md
อรบเจด,district_mueang_lamphun__05_subdistrict_wiang_yong__polling_unit_4__party_list_vote_page_2.md
อลบาก,district_mueang_lamphun__10_subdistrict_pratu_pa__polling_unit_2__party_list_vote_page_2.md
อสบ,district_mueang_lamphun__11_subdistrict_pa_sak__polling_unit_5__constituency_vote_page_1.md
อสสม,district_mueang_lamphun__16_subdistrict_mueang_nga__polling_unit_17__party_list_vote_page_2.md
อสาน,district_mueang_lamphun__03_subdistrict_makhuea_chae__polling_unit_10__party_list_vote_page_2.md
อสานหว,district_mueang_lamphun__12_subdistrict_umong__polling_unit_10__party_list_vote_page_2.md
อารมณฮาม,district_mueang_lamphun__02_subdistrict_ban_klang__polling_unit_5__party_list_vote_page_3.md
ฮง,district_mueang_lamphun__16_subdistrict_mueang_nga__polling_unit_2__party_list_vote_page_1.md
ฮลป,district_mueang_lamphun__03_subdistrict_makhuea_chae__polling_unit_13__party_list_vote_page_3.md
ฮอง,district_mae_tha__02_subdistrict_municipality_tha_sop_chai__polling_unit_8__party_list_vote_page_2.md
ฮอรอยหาสบ,district_mueang_lamphun__02_subdistrict_ban_klang__polling_unit_5__party_list_vote_page_3.md
ฯ,district_mueang_lamphun__13_municipality_mueang_lamphun__polling_unit_3__party_list_vote_page_2.md
ฯลาย,district_ban_thi__01_subdistrict_ban_thi__polling_unit_15__party_list_vote_page_3.md
ะ,district_mae_tha__04_subdistrict_tha_pla_duk__polling_unit_6__constituency_vote_page_1.md
ารอย,district_ban_thi__01_subdistrict_ban_thi__polling_unit_10__constituency_vote_page_1.md
ารออกขางแรกและหวขอ,district_mae_tha__03_subdistrict_municipality_tha_sop_sao__polling_unit_4__constituency_vote_page_2.md
าสบ,district_ban_thi__01_subdistrict_ban_thi__polling_unit_10__constituency_vote_page_1.md
เ,district_mae_tha__04_subdistrict_tha_pla_duk__polling_unit_13__party_list_vote_page_3.md
เกนลง,district_ban_thi__01_subdistrict_ban_thi__polling_unit_14__party_list_vote_page_3.md
เกา,advance_in_district__constituency_vote_09_page_1.md
เกาคนน,district_mueang_lamphun__11_subdistrict_pa_sak__polling_unit_7__party_list_vote_page_2.md
เกาคะแนน,advance_outside_district_and_overseas__constituency_vote_07_page_1.md
เการอย,district_mueang_lamphun__10_subdistrict_pratu_pa__polling_unit_9__constituency_vote_page_1.md
เการอยเกา,district_mueang_lamphun__14_subdistrict_ban_paen__polling_unit_1__constituency_vote_page_1.md
เการอยเกาสบส,district_ban_thi__01_subdistrict_ban_thi__polling_unit_14__party_list_vote_page_1.md
เการอยเกาสบเกา,district_mueang_lamphun__11_subdistrict_pa_sak__polling_unit_4__constituency_vote_page_1.md
เกาสบ,district_ban_thi__01_subdistrict_ban_thi__polling_unit_14__constituency_vote_page_1.md
เกาสบส,district_mae_tha__02_subdistrict_municipality_tha_sop_chai__polling_unit_2__party_list_vote_page_3.md
เกาสบสคะแนน,district_ban_thi__02_subdistrict_huai_yap__polling_unit_15__party_list_vote_page_3.md
เกาสบหา,district_ban_thi__01_subdistrict_ban_thi__polling_unit_18__party_list_vote_page_1.md
เกาสบเกา,district_ban_thi__01_subdistrict_ban_thi__polling_unit_7__constituency_vote_page_1.md
เกาสบเจด,district_mae_tha__10_subdistrict_tha_khum_ngoen__polling_unit_5__constituency_vote_page_1.md
เกาสบเจดคะแนน,district_ban_thi__02_subdistrict_huai_yap__polling_unit_15__party_list_vote_page_1.md
เกาสบเอด,district_ban_thi__01_subdistrict_ban_thi__polling_unit_13__constituency_vote_page_1.md
เกาสบเอดคะแนน,district_ban_thi__02_subdistrict_huai_yap__polling_unit_2__party_list_vote_page_1.md
เกาหมนเกาพนเการอยเกาสบเกา,district_ban_thi__02_subdistrict_huai_yap__polling_unit_5__party_list_vote_page_1.md
เกาะ,district_mae_tha__04_subdistrict_tha_pla_duk__polling_unit_6__constituency_vote_page_1.md
เกาเกา,district_mueang_lamphun__04_subdistrict_rim_ping__polling_unit_10__constituency_vote_page_1.md
เกาใบ,district_ban_thi__01_subdistrict_ban_thi__polling_unit_11__constituency_vote_page_1.md
เขด,advance_outside_district_and_overseas__party_list_vote_05_page_2.md
เขต,district_mae_tha__06_subdistrict_tha_kat__polling_unit_10__party_list_vote_page_2.md
เขตรวมภาค,district_mueang_lamphun__07_subdistrict_mueang_chi__polling_unit_10__constituency_vote_page_1.md
เขม,district_mueang_lamphun__15_office_ban_paen__polling_unit_7__party_list_vote_page_2.md
เขา,district_mae_tha__07_subdistrict_municipality_tha_kat__polling_unit_4__party_list_vote_page_2.md
เจด,advance_outside_district_and_overseas__constituency_vote_01_page_1.md
เจดคะแนน,district_ban_thi__02_subdistrict_huai_yap__polling_unit_2__party_list_vote_page_3.md
เจดตะแนน,district_mueang_lamphun__11_subdistrict_pa_sak__polling_unit_18__constituency_vote_page_1.md
เจดบาทถวน,district_mueang_lamphun__15_office_ban_paen__polling_unit_3__party_list_vote_page_1.md
เจดพน,district_mueang_lamphun__03_subdistrict_makhuea_chae__polling_unit_7__party_list_vote_page_2.md
เจดรอย,advance_outside_district_and_overseas__constituency_vote_06_page_1.md
เจดรอยจนทร,district_mueang_lamphun__01_subdistrict_ton_thong__polling_unit_4__constituency_vote_page_1.md
เจดรอยยสบ,advance_outside_district_and_overseas__party_list_vote_08_page_3.md
เจดรอยสสบ,advance_outside_district_and_overseas__party_list_vote_06_page_3.md
เจดรอยเกา,district_mueang_lamphun__12_subdistrict_umong__polling_unit_15__constituency_vote_page_1.md
เจดรอยเกาสบ,advance_outside_district_and_overseas__party_list_vote_07_page_3.md
เจดรอยเกาสบหา,district_mueang_lamphun__11_subdistrict_pa_sak__polling_unit_5__constituency_vote_page_1.md
เจดรอยเกาสบเกาหมนบาท,district_mueang_lamphun__01_subdistrict_ton_thong__polling_unit_4__party_list_vote_page_3.md
เจดรอยเจด,advance_outside_district_and_overseas__party_list_vote_02_page_3.md
เจดลงแนน,district_mueang_lamphun__01_subdistrict_ton_thong__polling_unit_14__party_list_vote_page_2.md
เจดลาน,district_mueang_lamphun__16_subdistrict_mueang_nga__polling_unit_16__party_list_vote_page_1.md
เจดสบ,district_ban_thi__01_subdistrict_ban_thi__polling_unit_17__party_list_vote_page_1.md
เจดสบคะแนน,district_ban_thi__02_subdistrict_huai_yap__polling_unit_2__party_list_vote_page_3.md
เจดสบส,advance_outside_district_and_overseas__party_list_vote_06_page_1.md
เจดสบหา,district_ban_thi__01_subdistrict_ban_thi__polling_unit_13__constituency_vote_page_1.md
เจดสบเกา,district_ban_thi__02_subdistrict_huai_yap__polling_unit_11__constituency_vote_page_1.md
เจดสบเกาคะแนน,district_mueang_lamphun__01_subdistrict_ton_thong__polling_unit_4__constituency_vote_page_1.md
เจดสบเกาพนหา,district_mueang_lamphun__03_subdistrict_makhuea_chae__polling_unit_15__party_list_vote_page_1.md
เจดสบเจด,district_mae_tha__01_subdistrict_tha_sop_sao__polling_unit_1__constituency_vote_page_1.md
เจดสบเอด,district_ban_thi__01_subdistrict_ban_thi__polling_unit_15__constituency_vote_page_1.md
เจดหมนบาทถวน,district_mueang_lamphun__11_subdistrict_pa_sak__polling_unit_19__party_list_vote_page_2.md
เจดเกา,district_mueang_lamphun__01_subdistrict_ton_thong__polling_unit_1__constituency_vote_page_1.md
เจาของทสงหเกา,district_mueang_lamphun__12_subdistrict_umong__polling_unit_12__constituency_vote_page_1.md
เจาสงหเกา,district_mueang_lamphun__12_subdistrict_umong__polling_unit_12__constituency_vote_page_1.md
เชค,district_mueang_lamphun__16_subdistrict_mueang_nga__polling_unit_9__party_list_vote_page_2.md
เดน,district_mueang_lamphun__07_subdistrict_mueang_chi__polling_unit_10__party_list_vote_page_3.md
เถา,district_mueang_lamphun__02_subdistrict_ban_klang__polling_unit_11__party_list_vote_page_2.md
เทา,district_mae_tha__03_subdistrict_municipality_tha_sop_sao__polling_unit_7__party_list_vote_page_2.md
เทาสบ,district_mueang_lamphun__02_subdistrict_ban_klang__polling_unit_1__party_list_vote_page_1.md
เบดสบสคะแนน,advance_outside_district_and_overseas__party_list_vote_07_page_1.md
เบดสบสสบ,district_mueang_lamphun__11_subdistrict_pa_sak__polling_unit_11__party_list_vote_page_1.md
เปด,district_mae_tha__02_subdistrict_municipality_tha_sop_chai__polling_unit_8__party_list_vote_page_2.md
เปดตะแหน,advance_outside_district_and_overseas__party_list_vote_07_page_2.md
เปน,district_mueang_lamphun__03_subdistrict_makhuea_chae__polling_unit_7__party_list_vote_page_2.md
เฝด,district_mueang_lamphun__05_subdistrict_wiang_yong__polling_unit_1__party_list_vote_page_2.md
เพง,district_ban_thi__01_subdistrict_ban_thi__polling_unit_15__party_list_vote_page_3.md
เพมแปลศนย,district_ban_thi__02_subdistrict_huai_yap__polling_unit_11__party_list_vote_page_3.md
เพยงรอยสสม,district_ban_thi__01_subdistrict_ban_thi__polling_unit_15__party_list_vote_page_3.md
เพอชวตใหม,district_ban_thi__01_subdistrict_ban_thi__polling_unit_11__party_list_vote_page_2.md
เพอสบหาหนงรอย,district_mueang_lamphun__04_subdistrict_rim_ping__polling_unit_5__constituency_vote_page_1.md
เพอสบเอด,district_mueang_lamphun__13_municipality_mueang_lamphun__polling_unit_12__constituency_vote_page_1.md
เฟด,district_mueang_lamphun__06_subdistrict_nong_nam__polling_unit_5__party_list_vote_page_1.md
เลมรอยเจดสบ,district_mueang_lamphun__10_subdistrict_pratu_pa__polling_unit_3__party_list_vote_page_3.md
เลศ,district_mueang_lamphun__16_subdistrict_mueang_nga__polling_unit_7__constituency_vote_page_1.md
เลา,district_mueang_lamphun__04_subdistrict_rim_ping__polling_unit_7__party_list_vote_page_2.md
เวดสข,district_mae_tha__06_subdistrict_tha_kat__polling_unit_8__party_list_vote_page_3.md
เศษ,district_mueang_lamphun__15_office_ban_paen__polling_unit_1__party_list_vote_page_2.md
เสถยร,district_mueang_lamphun__13_municipality_mueang_lamphun__polling_unit_2__party_list_vote_page_2.md
เสย,district_ban_thi__02_subdistrict_huai_yap__polling_unit_15__party_list_vote_page_2.md
เสรรวม,district_ban_thi__01_subdistrict_ban_thi__polling_unit_9__party_list_vote_page_2.md
เสรรวมไทยหนงดาวน,district_mueang_lamphun__13_municipality_mueang_lamphun__polling_unit_13__party_list_vote_page_2.md
เสาวชน,district_ban_thi__01_subdistrict_ban_thi__polling_unit_11__party_list_vote_page_2.md
เหด,advance_outside_district_and_overseas__party_list_vote_04_page_2.md
เหดสบเอด,district_mae_tha__09_11_phae_rim_nam__polling_unit_6__constituency_vote_page_1.md
เหนง,district_mae_tha__06_subdistrict_tha_kat__polling_unit_5__party_list_vote_page_2.md
เหนชอบมากขน,district_ban_thi__01_subdistrict_ban_thi__polling_unit_11__party_list_vote_page_3.md
เหนอ,district_mae_tha__10_subdistrict_tha_khum_ngoen__polling_unit_4__party_list_vote_page_3.md
เหนา,district_mueang_lamphun__16_subdistrict_mueang_nga__polling_unit_14__party_list_vote_page_3.md
เหลก,district_ban_thi__02_subdistrict_huai_yap__polling_unit_12__party_list_vote_page_2.md
เหลอ,district_ban_thi__01_subdistrict_ban_thi__polling_unit_5__constituency_vote_page_1.md
เหลอง,district_mae_tha__10_subdistrict_tha_khum_ngoen__polling_unit_4__party_list_vote_page_2.md
เหลอสบเจด,district_mueang_lamphun__09_subdistrict_si_bua_ban__polling_unit_9__constituency_vote_page_1.md
เหลอเกน,district_mueang_lamphun__08_subdistrict_nong_chang_khuen__polling_unit_2__party_list_vote_page_3.md
เหลา,district_mueang_lamphun__07_subdistrict_mueang_chi__polling_unit_10__party_list_vote_page_2.md
เอกคะเทน,advance_outside_district_and_overseas__party_list_vote_07_page_2.md
เอด,district_ban_thi__01_subdistrict_ban_thi__polling_unit_14__constituency_vote_page_1.md
เฮด,district_mueang_lamphun__06_subdistrict_nong_nam__polling_unit_5__party_list_vote_page_1.md
แก,district_mueang_lamphun__12_subdistrict_umong__polling_unit_16__party_list_vote_page_1.md
แฝด,district_mueang_lamphun__02_subdistrict_ban_klang__polling_unit_13__party_list_vote_page_3.md
แพค,district_mueang_lamphun__07_subdistrict_mueang_chi__polling_unit_10__constituency_vote_page_1.md
แพง,district_mueang_lamphun__07_subdistrict_mueang_chi__polling_unit_10__party_list_vote_page_2.md
แพร,district_mueang_lamphun__16_subdistrict_mueang_nga__polling_unit_16__party_list_vote_page_1.md
แฟด,district_mueang_lamphun__02_subdistrict_ban_klang__polling_unit_16__party_list_vote_page_2.md
แมค,district_mae_tha__04_subdistrict_tha_pla_duk__polling_unit_12__party_list_vote_page_2.md
แรงงานสรางชาต,district_ban_thi__01_subdistrict_ban_thi__polling_unit_11__party_list_vote_page_2.md
แหง,district_mueang_lamphun__12_subdistrict_umong__polling_unit_13__party_list_vote_page_1.md
ใ,district_mae_tha__03_subdistrict_municipality_tha_sop_sao__polling_unit_4__constituency_vote_page_2.md
ใน,district_mueang_lamphun__11_subdistrict_pa_sak__polling_unit_15__party_list_vote_page_3.md
ใบ,district_ban_thi__01_subdistrict_ban_thi__polling_unit_11__constituency_vote_page_1.md
ไทยกาวหนา,district_ban_thi__01_subdistrict_ban_thi__polling_unit_11__party_list_vote_page_2.md
ไทยภกด,district_ban_thi__01_subdistrict_ban_thi__polling_unit_11__party_list_vote_page_2.md
ไทรวมพลง,district_ban_thi__01_subdistrict_ban_thi__polling_unit_11__party_list_vote_page_2.md
ไม,district_ban_thi__01_subdistrict_ban_thi__polling_unit_11__party_list_vote_page_3.md
ไมม,district_mae_tha__03_subdistrict_municipality_tha_sop_sao__polling_unit_1__party_list_vote_page_2.md
ไมมคะแนน,district_mae_tha__10_subdistrict_tha_khum_ngoen__polling_unit_12__party_list_vote_page_2.md
